date,lastSyncTime,deepSleepTime,shallowSleepTime,wakeTime,start,stop
2016-04-27,1461794594,0,0,0,1461708000,1461708000
2016-04-28,1461910351,158,262,2,1461801240,1461826560
2016-04-29,1461969057,234,241,0,1461883500,1461912000
2016-04-30,1462058218,239,318,0,1461979500,1462012920
2016-05-01,1462206634,180,333,3,1462065840,1462096800
2016-05-02,1462280050,52,83,0,1462147260,1462155360
2016-05-03,1462370540,108,287,14,1462235100,1462259640
2016-05-04,1462459867,159,237,2,1462323420,1462347300
2016-05-05,1462506734,264,409,0,1462406580,1462446960
2016-05-06,1462652669,0,0,0,1462485600,1462485600
2016-05-07,1462701041,191,361,2,1462579800,1462613040
2016-05-08,1462828892,182,334,6,1462668720,1462700040
2016-05-09,1462876639,161,354,17,1462751940,1462783860
2016-05-10,1462971585,162,206,0,1462843020,1462865100
2016-05-11,1463051777,142,261,1,1462927800,1462952040
2016-05-12,1463153519,136,266,1,1463014260,1463038440
2016-05-13,1463568036,177,355,1,1463096040,1463128020
2016-05-14,1463568035,133,318,1,1463198400,1463225520
2016-05-15,1463568036,253,357,0,1463274780,1463311380
2016-05-16,1463568038,186,353,1,1463358540,1463390940
2016-05-17,1463568037,180,318,0,1463449440,1463479320
2016-05-18,1463742333,106,221,0,1463536740,1463556360
2016-05-19,1463742334,146,229,0,1463620380,1463642880
2016-05-20,1464201731,214,215,1,1463707080,1463732880
2016-05-21,1464201731,222,445,11,1463782920,1463823600
2016-05-22,1464201732,176,320,1,1463882580,1463912400
2016-05-23,1464201733,193,307,0,1463969700,1463999700
2016-05-24,1464201734,105,233,1,1464055260,1464075600
2016-05-25,1464334882,195,137,1,1464138900,1464158880
2016-05-26,1464334883,0,0,0,1464213600,1464213600
2016-05-27,1464443079,115,212,1,1464314520,1464334200
2016-05-28,1464614886,217,263,1,1464393660,1464422520
2016-05-29,1464614885,91,213,0,1464488160,1464506400
2016-05-30,1464711829,225,372,1,1464566460,1464602340
2016-05-31,1465061235,69,203,0,1464662940,1464679260
2016-06-01,1465061235,107,196,1,1464747360,1464765600
2016-06-02,1465061233,101,226,1,1464832380,1464852060
2016-06-03,1465061233,0,0,0,1464904800,1464904800
2016-06-04,1465325549,215,352,2,1464999840,1465033980
2016-06-05,1465325547,192,421,0,1465084680,1465121460
2016-06-06,1465325548,0,0,0,1465164000,1465164000
2016-06-07,1465481793,132,257,3,1465260900,1465284420
2016-06-08,1465481793,140,358,1,1465341960,1465371900
2016-06-09,1465660905,147,310,0,1465430520,1465457940
2016-06-10,1465660906,198,419,2,1465519320,1465556460
2016-06-11,1465768493,175,290,0,1465607820,1465635720
2016-06-12,1466158842,190,324,2,1465692060,1465723020
2016-06-13,1466158841,156,368,4,1465777260,1465808940
2016-06-14,1466158835,147,309,3,1465862460,1465890000
2016-06-15,1466158836,143,189,0,1465955160,1465975080
2016-06-16,1466158837,46,53,0,1466041140,1466047080
2016-06-17,1466286053,142,241,0,1466127300,1466150280
2016-06-18,1466352842,140,162,1,1466207340,1466225520
2016-06-19,1466376290,211,267,0,1466288460,1466317140
2016-06-20,1466544650,129,250,1,1466377020,1466399820
2016-06-21,1466632442,152,391,1,1466461200,1466493840
2016-06-22,1466682098,191,300,0,1466552040,1466581500
2016-06-23,1467294711,0,0,0,1466632800,1466632800
2016-06-24,1467294710,130,252,0,1466725920,1466748840
2016-06-25,1467294711,91,321,0,1466810880,1466835600
2016-06-26,1467294712,186,345,3,1466896620,1466928660
2016-06-27,1467294712,121,246,5,1466983080,1467005400
2016-06-28,1467294715,165,206,1,1467069480,1467091800
2016-06-29,1467294713,182,256,4,1467158760,1467185280
2016-06-30,1467470632,174,299,2,1467243240,1467271740
2016-07-01,1467470632,152,100,2,1467337380,1467352620
2016-07-02,1467553543,212,330,2,1467414420,1467447060
2016-07-03,1467629973,128,262,0,1467504540,1467527940
2016-07-04,1467696878,118,292,0,1467585540,1467610140
2016-07-05,1467834985,184,287,1,1467667020,1467695340
2016-07-06,1467916294,162,413,0,1467756960,1467791460
2016-07-07,1468090895,78,224,0,1467847260,1467865380
2016-07-08,1468090897,208,371,0,1467930660,1467965400
2016-07-09,1468271269,189,288,0,1468021260,1468049880
2016-07-10,1468271267,192,251,0,1468113540,1468140120
2016-07-11,1468271268,163,165,0,1468205520,1468225200
2016-07-12,1468360040,179,341,17,1468283940,1468316160
2016-07-13,1468496778,148,110,1,1468366800,1468382340
2016-07-14,1468616074,135,253,0,1468446060,1468469340
2016-07-15,1468780096,133,196,0,1468533480,1468553220
2016-07-16,1468780095,204,308,1,1468622880,1468653660
2016-07-17,1468865710,160,279,4,1468713060,1468739640
2016-07-18,1468992168,117,209,0,1468796880,1468816440
2016-07-19,1468992167,150,244,5,1468878960,1468902900
2016-07-20,1469558043,133,287,3,1468963740,1468989120
2016-07-21,1469558044,104,339,1,1469049360,1469076000
2016-07-22,1469558040,127,334,1,1469134320,1469162040
2016-07-23,1469558040,251,398,0,1469227140,1469266080
2016-07-24,1469558041,209,261,0,1469315580,1469343780
2016-07-25,1469558041,84,331,1,1469395740,1469420700
2016-07-26,1469594487,45,164,0,1469483820,1469496360
2016-07-27,1469881405,179,305,0,1469565420,1469594460
2016-07-28,1469881404,153,310,10,1469652240,1469680620
2016-07-29,1469881404,119,253,1,1469743200,1469765580
2016-07-30,1470058559,149,161,0,1469838540,1469857140
2016-07-31,1470058555,135,298,0,1469919240,1469945220
2016-08-01,1470336564,152,188,0,1470004440,1470024840
2016-08-02,1470336563,166,292,2,1470085440,1470113040
2016-08-03,1470336564,126,284,0,1470174180,1470198780
2016-08-04,1470414910,0,0,0,1470258000,1470258000
2016-08-05,1470516445,162,236,0,1470345660,1470369540
2016-08-06,1470717583,108,263,0,1470438000,1470460260
2016-08-07,1470717583,167,359,0,1470517080,1470548640
2016-08-08,1470717582,192,232,1,1470603000,1470628500
2016-08-09,1470940326,139,242,10,1470691740,1470715200
2016-08-10,1470940325,147,321,0,1470775320,1470803400
2016-08-11,1471459587,171,275,2,1470862560,1470889440
2016-08-12,1471459588,177,225,0,1470951720,1470975840
2016-08-13,1471459591,121,301,0,1471044300,1471069620
2016-08-14,1471459590,86,178,9,1471142580,1471158960
2016-08-15,1471459590,177,236,1,1471210620,1471235460
2016-08-16,1471459589,120,255,3,1471299660,1471322340
2016-08-17,1472157187,182,328,0,1471377540,1471408140
2016-08-18,1472157188,96,296,0,1471470720,1471494240
2016-08-19,1472157187,171,285,14,1471553340,1471581540
2016-08-20,1472157183,115,199,0,1471654380,1471673220
2016-08-21,1472157184,202,258,0,1471739100,1471766700
2016-08-22,1472157184,136,233,0,1471818420,1471840560
2016-08-23,1472157185,132,328,0,1471897680,1471925280
2016-08-24,1472157186,90,402,0,1471983960,1472013480
2016-08-25,1472248799,89,366,0,1472072580,1472099880
2016-08-26,1472248800,144,316,0,1472158740,1472186340
2016-08-27,1472475499,68,291,0,1472249880,1472271420
2016-08-28,1472475499,141,412,0,1472335140,1472368320
2016-08-29,1472849900,132,200,0,1472419380,1472439300
2016-08-30,1472849901,160,316,0,1472502780,1472531340
2016-08-31,1472849902,100,313,0,1472593020,1472617800
2016-09-01,1472849901,131,260,7,1472680980,1472704860
2016-09-02,1472849957,0,0,0,1472763600,1472763600
2016-09-03,0,0,0,0,0,0
2016-09-04,0,0,0,0,0,0
2016-09-05,0,0,0,0,0,0
2016-09-06,0,0,0,0,0,0
2016-09-07,0,0,0,0,0,0
2016-09-08,0,0,0,0,0,0
2016-09-09,0,0,0,0,0,0
2016-09-10,0,0,0,0,0,0
2016-09-11,1473921275,0,0,0,1473541200,1473541200
2016-09-12,1473921274,126,278,0,1473631980,1473656220
2016-09-13,1473921274,95,212,0,1473720420,1473738840
2016-09-14,1473921273,109,229,0,1473807120,1473827400
2016-09-15,1474242051,169,297,0,1473885360,1473913320
2016-09-16,1474242049,154,267,0,1473976140,1474001400
2016-09-17,1474242052,253,293,0,1474064100,1474096860
2016-09-18,1474242052,141,137,0,1474152780,1474169460
2016-09-19,1474350138,160,125,0,1474244100,1474261200
2016-09-20,1474464746,164,292,14,1474320780,1474348980
2016-09-21,1474538246,165,263,0,1474409220,1474434900
2016-09-22,1474950789,137,307,0,1474496400,1474523040
2016-09-23,1474950790,185,221,2,1474581420,1474605900
2016-09-24,1474950791,219,154,53,1474664880,1474690440
2016-09-25,1474950791,220,357,0,1474753860,1474788480
2016-09-26,1474950790,137,259,0,1474842780,1474866540
2016-09-27,1475392099,130,146,0,1474933620,1474950180
2016-09-28,1475392096,175,179,0,1475016240,1475037480
2016-09-29,1475392090,201,192,0,1475099340,1475122920
2016-09-30,1475392102,138,209,0,1475188980,1475209800
2016-10-01,1475392097,179,340,0,1475273940,1475305080
2016-10-02,1475392100,194,364,0,1475358180,1475391660
2016-10-03,0,0,0,0,0,0
2016-10-04,0,0,0,0,0,0
2016-10-05,0,0,0,0,0,0
2016-10-06,0,0,0,0,0,0
2016-10-07,0,0,0,0,0,0
2016-10-08,0,0,0,0,0,0
2016-10-09,1476113929,0,0,0,1475960400,1475960400
2016-10-10,1476543130,124,273,0,1476049920,1476073740
2016-10-11,1476543132,149,283,0,1476139260,1476165180
2016-10-12,1476543133,141,374,0,1476218700,1476249600
2016-10-13,1476543131,141,165,0,1476314280,1476332640
2016-10-14,1476543131,78,270,0,1476399180,1476420060
2016-10-15,1477241719,188,209,0,1476496140,1476519960
2016-10-16,1477118455,228,323,0,1476572580,1476605640
2016-10-17,1477118451,111,240,0,1476657840,1476678900
2016-10-18,1477118453,134,258,0,1476743580,1476767100
2016-10-19,1477118456,164,264,0,1476825360,1476851040
2016-10-20,1477118449,171,293,0,1476912420,1476940260
2016-10-21,1477118450,87,317,0,1476999960,1477024200
2016-10-22,1477241720,137,181,0,1477090260,1477109340
2016-10-23,1477308447,229,343,6,1477174080,1477208760
2016-10-24,1477512553,154,250,0,1477261260,1477285500
2016-10-25,1477512554,116,270,0,1477345320,1477368480
2016-10-26,1477586807,155,230,0,1477433400,1477456500
2016-10-27,1477602344,147,302,0,1477515420,1477542360
2016-10-28,1477774329,111,267,0,1477606260,1477628940
2016-10-29,1477858663,101,380,0,1477688340,1477717200
2016-10-30,1478468686,161,414,0,1477779180,1477813680
2016-10-31,1478468685,105,211,0,1477870980,1477889940
2016-11-01,1478468685,91,346,0,1477950120,1477976340
2016-11-02,1478468684,128,167,0,1478045700,1478063400
2016-11-03,1478468684,152,292,0,1478120760,1478147400
2016-11-04,1478468683,216,166,0,1478223480,1478246400
2016-11-05,1478468683,207,260,0,1478303160,1478331180
2016-11-06,1478468687,180,335,0,1478385720,1478416620
2016-11-07,1478727361,54,256,0,1478476260,1478494860
2016-11-08,1478727360,145,263,0,1478555940,1478580420
2016-11-09,1478727362,170,177,0,1478643180,1478664000
2016-11-10,1479751003,127,142,0,1478730060,1478746200
2016-11-11,1480413222,89,314,0,1478815800,1478839980
2016-11-12,1480413251,187,359,0,1478911440,1478944200
2016-11-13,1480413259,54,296,0,1479004800,1479025800
2016-11-14,1480413278,115,205,0,1479078540,1479097740
2016-11-15,1480413362,154,243,0,1479160140,1479183960
2016-11-16,1480413294,131,286,0,1479246780,1479271800
2016-11-17,1480413311,73,266,2,1479332340,1479352800
2016-11-18,1480413326,124,148,0,1479421560,1479437880
2016-11-19,1480413350,160,317,0,1479504900,1479533520
2016-11-20,1480413340,187,344,0,1479599220,1479631080
2016-11-21,1480413418,106,272,0,1479680520,1479703200
2016-11-22,1480413464,135,166,0,1479765420,1479783480
2016-11-23,1481003828,150,315,2,1479847860,1479875880
2016-11-24,1481185468,155,262,0,1479936780,1479961800
2016-11-25,1481003690,85,230,0,1480027320,1480046220
2016-11-26,1481003731,162,268,2,1480111200,1480137120
2016-11-27,1480413401,192,429,0,1480199220,1480236480
2016-11-28,1480413416,126,223,0,1480286100,1480307040
2016-11-29,1481403650,131,364,2,1480368120,1480397940
2016-11-30,1481185629,134,296,0,1480455780,1480481580
2016-12-01,1481185552,139,289,0,1480540020,1480565700
2016-12-02,1481403652,92,321,0,1480631160,1480655940
2016-12-03,1481403652,139,163,0,1480725360,1480743480
2016-12-04,1481403651,270,339,0,1480805460,1480842000
2016-12-05,1481185688,105,246,0,1480891740,1480912800
2016-12-06,1481403654,151,199,0,1480975740,1480996740
2016-12-07,1481403653,80,366,0,1481059980,1481086740
2016-12-08,1481403655,163,231,0,1481148060,1481171700
2016-12-09,1481403655,93,360,0,1481230020,1481257200
2016-12-10,1481403654,102,278,0,1481323080,1481345880
2016-12-11,1482603232,218,330,0,1481410200,1481443080
2016-12-12,1482603231,107,306,0,1481495160,1481519940
2016-12-13,1482603234,126,295,0,1481577120,1481602380
2016-12-14,1482603233,111,254,0,1481662920,1481684820
2016-12-15,1482603235,140,282,0,1481751960,1481777280
2016-12-16,1482603256,110,337,0,1481836380,1481863200
2016-12-17,1482603381,179,368,0,1481921340,1481954160
2016-12-18,1482603381,172,370,0,1482012780,1482045300
2016-12-19,1482603383,130,229,0,1482100140,1482121680
2016-12-20,1482603235,141,265,0,1482183480,1482207840
2016-12-21,1482603236,163,238,0,1482269760,1482293820
2016-12-22,1482603236,119,218,0,1482360480,1482380700
2016-12-23,1482603237,121,286,0,1482446040,1482470460
2016-12-24,1482751771,125,256,0,1482532860,1482555720
2016-12-25,1482751773,169,373,0,1482620940,1482653460
2016-12-26,1483043340,102,300,0,1482702960,1482727080
2016-12-27,1483043342,198,227,0,1482787440,1482812940
2016-12-28,1483043341,65,361,0,1482873780,1482899340
2016-12-29,1483385714,90,247,0,1482966180,1482986400
2016-12-30,1483390956,98,319,0,1483050540,1483075560
2016-12-31,1483385747,249,225,0,1483148040,1483176480
2017-01-01,1483385765,175,258,0,1483234080,1483260060
2017-01-02,1483390998,0,0,0,1483304400,1483304400
2017-01-03,1483551833,0,0,0,1483390800,1483390800
2017-01-04,1483622527,293,263,0,1483482360,1483515720
2017-01-05,1484244395,193,386,0,1483570260,1483605000
2017-01-06,1484768576,190,327,0,1483660500,1483691520
2017-01-07,1484768577,140,320,10,1483749360,1483777560
2017-01-08,1484768578,136,288,0,1483841160,1483866600
2017-01-09,1484768578,85,159,0,1483921920,1483936560
2017-01-10,1484768578,135,317,0,1483996080,1484023200
2017-01-11,1484768579,107,267,2,1484085720,1484108280
2017-01-12,1484768580,154,159,0,1484175060,1484193840
2017-01-13,1484768581,158,155,0,1484262960,1484281740
2017-01-14,1484768579,252,423,0,1484346000,1484386500
2017-01-15,1484768580,149,318,0,1484445480,1484473500
2017-01-16,1484768582,104,167,0,1484524800,1484541060
2017-01-17,1484768582,108,239,0,1484605860,1484626680
2017-01-18,1485292083,125,284,0,1484691420,1484715960
2017-01-19,1485292083,84,222,0,1484776500,1484794860
2017-01-20,1485292085,150,212,0,1484865480,1484887200
2017-01-21,1485292082,203,382,0,1484950440,1484985540
2017-01-22,1485292083,151,357,0,1485038640,1485069120
2017-01-23,1485292084,86,331,0,1485122520,1485147540
2017-01-24,1485292084,145,308,0,1485207780,1485234960
2017-01-25,1486066377,122,315,0,1485295200,1485321420
2017-01-26,0,0,0,0,0,0
2017-01-27,0,0,0,0,0,0
2017-01-28,0,0,0,0,0,0
2017-01-29,0,0,0,0,0,0
2017-01-30,0,0,0,0,0,0
2017-01-31,0,0,0,0,0,0
2017-02-01,0,0,0,0,0,0
2017-02-02,1486122359,0,0,0,1485982800,1485982800
2017-02-03,1486241821,103,287,0,1486074000,1486097400
2017-02-04,1486487335,174,331,0,1486166280,1486196580
2017-02-05,1486487335,296,335,0,1486250340,1486288200
2017-02-06,1486487334,95,230,0,1486336860,1486356360
2017-02-07,1486546365,176,246,0,1486418160,1486443480
2017-02-08,1487195749,105,214,0,1486513680,1486532820
2017-02-09,1487195747,164,370,14,1486597260,1486630140
2017-02-10,1487195750,186,352,2,1486686960,1486719360
2017-02-11,1487195749,157,339,0,1486770300,1486800060
2017-02-12,1487195749,134,385,0,1486862280,1486893420
2017-02-13,1487195752,0,0,0,1486936800,1486936800
2017-02-14,1487195752,149,475,0,1487025720,1487063160
2017-02-15,1487621696,144,409,0,1487113500,1487146680
2017-02-16,1487621696,154,379,0,1487197320,1487229300
2017-02-17,1487621697,167,237,0,1487288100,1487312340
2017-02-18,0,0,0,0,0,0
2017-02-19,0,0,0,0,0,0
2017-02-20,1488021977,0,0,0,1487541600,1487541600
2017-02-21,1488021977,102,347,0,1487630220,1487657160
2017-02-22,1488021979,168,357,0,1487712720,1487744220
2017-02-23,1488021978,94,125,0,1487798340,1487811480
2017-02-24,1488021978,173,385,0,1487885340,1487918820
2017-02-25,1488397406,187,253,10,1487988120,1488015120
2017-02-26,1488397407,0,0,0,1488056400,1488056400
2017-02-27,1488397406,201,247,0,1488141240,1488168120
2017-02-28,1488397408,154,251,0,1488231180,1488255480
2017-03-01,1488649260,122,251,0,1488319740,1488342120
2017-03-02,1488649259,127,270,0,1488404880,1488428700
2017-03-03,1488649261,157,263,0,1488489960,1488515160
2017-03-04,1489006509,142,358,0,1488580200,1488610200
2017-03-05,1489006508,147,363,12,1488669780,1488701100
2017-03-06,1489006508,126,249,0,1488752040,1488774540
2017-03-07,1489006510,141,193,0,1488840720,1488860760
2017-03-08,1489258060,144,405,0,1488926820,1488959760
2017-03-09,1489258059,145,213,0,1489014420,1489035900
2017-03-10,1489258059,133,190,0,1489102560,1489121940
2017-03-11,1489356412,191,218,0,1489196460,1489221000
2017-03-12,1489356411,272,345,0,1489275600,1489312620
2017-03-13,1489986289,86,90,0,1489362660,1489373220
2017-03-14,1489986291,75,306,0,1489444140,1489467000
2017-03-15,1489986291,97,292,0,1489530000,1489553340
2017-03-16,1489986290,100,272,0,1489618500,1489640820
2017-03-17,1489986290,132,365,0,1489699260,1489729080
2017-03-18,1489986292,162,395,0,1489788240,1489821660
2017-03-19,1489986292,143,306,0,1489883940,1489910880
2017-03-20,1490537726,101,262,0,1489963620,1489985400
2017-03-21,1490537728,124,253,0,1490049300,1490071920
2017-03-22,1490537729,103,245,0,1490135820,1490156700
2017-03-23,1490537729,147,278,0,1490219100,1490244600
2017-03-24,1490537726,135,290,0,1490304660,1490330160
2017-03-25,1490537724,188,258,0,1490402220,1490428980
2017-03-26,1491050335,165,378,15,1490483340,1490516820
2017-03-27,1491050335,140,248,0,1490566560,1490589840
2017-03-28,1491050336,128,192,0,1490657820,1490677020
2017-03-29,1491050337,115,289,0,1490738400,1490762640
2017-03-30,1491050336,135,288,0,1490823780,1490849160
2017-03-31,1491050335,139,275,0,1490910420,1490935260
2017-04-01,1491406424,161,412,0,1491001800,1491036180
2017-04-02,1491406425,127,323,0,1491091620,1491118620
2017-04-03,1491406428,114,227,0,1491174180,1491194640
2017-04-04,1491406422,150,228,0,1491256500,1491279180
2017-04-05,1491662801,114,284,0,1491343980,1491367860
2017-04-06,1491662802,111,315,0,1491433680,1491459240
2017-04-07,1491662802,141,200,0,1491520500,1491540960
2017-04-08,1491757009,219,331,0,1491608220,1491641220
2017-04-09,1492539626,122,370,0,1491691140,1491720660
2017-04-10,1492539627,148,335,0,1491774660,1491803640
2017-04-11,1492539627,177,170,0,1491863520,1491884340
2017-04-12,1492539630,171,245,0,1491947640,1491972600
2017-04-13,1492539629,137,236,0,1492035000,1492057380
2017-04-14,1492539630,127,279,0,1492126080,1492150440
2017-04-15,1492539628,168,158,0,1492206540,1492226100
2017-04-16,1492539629,211,387,0,1492294620,1492330500
2017-04-17,1492539628,108,227,0,1492382460,1492402560
2017-04-18,1493067693,107,297,0,1492466940,1492491180
2017-04-19,1493067693,98,326,0,1492555140,1492580580
2017-04-20,1493067692,137,328,0,1492639740,1492667640
2017-04-21,1493067691,124,271,0,1492725480,1492749180
2017-04-22,1493067691,0,0,0,1492808400,1492808400
2017-04-23,1493067690,165,249,0,1492902060,1492926900
2017-04-24,1493143547,0,0,0,1492981200,1492981200
2017-04-25,1493657030,0,0,0,1493067600,1493067600
2017-04-26,1493657030,207,223,0,1493158740,1493184540
2017-04-27,1493657029,0,0,0,1493240400,1493240400
2017-04-28,1493657029,148,95,0,1493334420,1493349000
2017-04-29,1493657029,148,427,0,1493419200,1493453700
2017-04-30,1493657028,115,268,0,1493509620,1493532600
2017-05-01,1493657028,237,311,3,1493594160,1493627220
2017-05-02,0,0,0,0,0,0
2017-05-03,0,0,0,0,0,0
2017-05-04,1493936673,0,0,0,1493845200,1493845200
2017-05-05,1494047164,69,211,0,1493940660,1493957460
2017-05-06,1494170013,99,319,0,1494018840,1494043920
2017-05-07,1494272488,211,247,0,1494113880,1494141360
2017-05-08,1494450767,158,506,0,1494198180,1494238020
2017-05-09,1494450766,188,291,0,1494291540,1494320280
2017-05-10,1494450767,167,236,0,1494369120,1494393300
2017-05-11,1494616387,139,211,0,1494455460,1494476460
2017-05-12,1494867696,151,235,0,1494543780,1494566940
2017-05-13,1494867697,116,127,0,1494630840,1494645420
2017-05-14,1494867697,267,540,0,1494703020,1494751440
2017-05-15,1495052456,119,228,0,1494805080,1494825900
2017-05-16,1495052455,89,293,0,1494889200,1494912120
2017-05-17,1495222445,163,298,0,1494971580,1494999240
2017-05-18,1495222444,165,243,0,1495059780,1495084260
2017-05-19,1495295795,65,251,0,1495153440,1495172400
2017-05-20,1495385675,151,187,0,1495231020,1495251300
2017-05-21,1495485248,185,439,0,1495316520,1495353960
2017-05-22,1495555009,129,225,0,1495407180,1495428420
2017-05-23,1495820791,130,273,0,1495492200,1495516380
2017-05-24,1495820792,143,294,0,1495575780,1495602000
2017-05-25,1495820792,137,328,0,1495662360,1495690260
2017-05-26,1495852363,164,212,0,1495752060,1495774620
2017-05-27,1495987247,26,307,0,1495835340,1495855320
2017-05-28,1496034142,197,305,0,1495917480,1495947600
2017-05-29,1496139254,164,257,0,1496008740,1496034000
2017-05-30,1496250952,148,315,0,1496092380,1496120160
2017-05-31,1496294049,121,282,0,1496183100,1496207280
2017-06-01,1496487628,112,288,0,1496271360,1496295360
2017-06-02,1496487629,106,211,0,1496360580,1496379600
2017-06-03,1496830300,147,282,2,1496434920,1496460780
2017-06-04,1496830321,120,404,0,1496526480,1496557920
2017-06-05,1496830284,133,326,0,1496612760,1496640300
2017-06-06,1496830319,130,240,0,1496703600,1496725800
2017-06-07,1497033480,200,215,0,1496788740,1496813640
2017-06-08,1497033481,53,376,0,1496873400,1496899140
2017-06-09,1497121928,156,239,0,1496959500,1496983200
2017-06-10,1497250776,132,169,2,1497046920,1497065100
2017-06-11,1497250775,0,0,0,1497128400,1497128400
2017-06-12,1497634054,291,243,0,1497218640,1497250680
2017-06-13,1497634055,154,179,0,1497313740,1497333720
2017-06-14,1497634055,0,0,0,1497387600,1497387600
2017-06-15,1497634056,131,313,0,1497477060,1497503700
2017-06-16,1497655867,163,218,0,1497564720,1497587580
2017-06-17,1497776410,127,122,2,1497654900,1497669960
2017-06-18,1497851617,264,402,0,1497733740,1497773700
2017-06-19,1498084492,120,209,0,1497830220,1497849960
2017-06-20,1498084494,161,266,0,1497911340,1497936960
2017-06-21,1498084494,73,259,0,1498003080,1498023000
2017-06-22,1498241339,125,224,0,1498087800,1498108740
2017-06-23,1498252867,191,238,0,1498169400,1498195140
2017-06-24,1498368910,186,115,0,1498257420,1498275480
2017-06-25,1498490520,204,251,0,1498337580,1498364880
2017-06-26,1498677002,173,257,0,1498429560,1498455360
2017-06-27,1498677001,216,302,0,1498509240,1498540320
2017-06-28,1498880894,131,289,0,1498602600,1498627800
2017-06-29,1498880895,107,254,3,1498688700,1498710540
2017-06-30,1498880895,159,187,0,1498772700,1498793460
2017-07-01,1499027909,176,161,2,1498859400,1498879740
2017-07-02,1499030326,263,321,0,1498942920,1498977960
2017-07-03,1499118814,182,252,2,1499032920,1499059080
2017-07-04,1499280308,175,279,0,1499119560,1499146800
2017-07-05,1499317907,132,255,0,1499208480,1499231700
2017-07-06,1499378829,144,192,0,1499296200,1499316360
2017-07-07,1499595022,149,253,0,1499381460,1499405580
2017-07-08,1499595021,174,147,0,1499467740,1499487000
2017-07-09,1499711524,291,303,0,1499553480,1499589120
2017-07-10,1499885304,157,204,0,1499641740,1499663400
2017-07-11,1499885304,144,334,0,1499722980,1499751660
2017-07-12,1499971278,156,269,0,1499813100,1499838600
2017-07-13,1500145030,209,243,0,1499897880,1499925000
2017-07-14,1500145030,157,251,0,1499987160,1500011640
2017-07-15,1500233320,176,218,0,1500066660,1500090300
2017-07-16,1500241597,245,359,0,1500159360,1500195600
2017-07-17,1500351508,136,217,0,1500244320,1500265500
2017-07-18,1500808621,178,206,0,1500333660,1500356700
2017-07-19,1500808628,118,263,0,1500420120,1500442980
2017-07-20,1500808623,195,273,0,1500501660,1500529740
2017-07-21,1500808624,127,215,0,1500588780,1500609300
2017-07-22,1500808626,62,113,0,1500685500,1500696000
2017-07-23,1500921783,156,354,0,1500775200,1500805800
2017-07-24,1501014678,120,203,0,1500855000,1500874380
2017-07-25,1501047964,183,348,2,1500929220,1500961200
2017-07-26,1501103720,156,336,0,1501017480,1501047000
2017-07-27,1501191305,141,274,0,1501107180,1501132080
2017-07-28,1501325935,150,107,0,1501197720,1501213140
2017-07-29,1501364253,0,0,0,1501189200,1501189200
2017-07-30,1501478546,224,299,0,1501365240,1501396620
2017-07-31,1501564900,0,0,0,1501362000,1501362000
2017-08-01,1501652676,195,254,0,1501537140,1501564080
2017-08-02,1501740710,188,240,0,1501625220,1501650900
2017-08-03,1501879105,170,294,0,1501711500,1501739340
2017-08-04,1501964950,144,319,0,1501799160,1501826940
2017-08-05,1502118804,131,258,0,1501882260,1501905600
2017-08-06,1502118803,265,228,0,1501977120,1502006700
2017-08-07,1502187043,128,291,0,1502059680,1502084820
2017-08-08,1502258151,194,298,0,1502142060,1502171580
2017-08-09,1502394166,178,322,0,1502227980,1502257980
2017-08-10,1502509913,181,324,0,1502312880,1502343180
2017-08-11,1502509914,90,327,0,1502404980,1502430000
2017-08-12,1502653102,143,106,0,1502494800,1502509740
2017-08-13,1502659541,210,340,0,1502580840,1502613840
2017-08-14,1502759139,151,288,0,1502663100,1502689440
2017-08-15,1502863628,188,314,0,1502745420,1502775540
2017-08-16,1503123780,145,242,0,1502834820,1502858040
2017-08-17,1503123778,152,260,0,1502921220,1502945940
2017-08-18,1503123778,175,201,0,1503006840,1503029400
2017-08-19,1503260396,177,257,0,1503095220,1503121260
2017-08-20,1503294509,253,332,0,1503177600,1503212700
2017-08-21,1503375422,148,206,0,1503273000,1503294240
2017-08-22,1503440188,140,234,0,1503352500,1503374940
2017-08-23,1503566149,164,261,0,1503439800,1503465300
2017-08-24,1503866483,166,277,0,1503526140,1503552720
2017-08-25,1503866482,208,265,0,1503605160,1503633540
2017-08-26,1503866480,210,191,0,1503695100,1503719160
2017-08-27,1503920265,192,273,0,1503789300,1503817200
2017-08-28,1504072425,187,283,0,1503868740,1503896940
2017-08-29,1504072424,204,259,0,1503954960,1503982740
2017-08-30,1504128397,165,295,0,1504044180,1504071780
2017-08-31,1504243328,166,287,0,1504134840,1504162020
2017-09-01,1504370649,197,316,0,1504216380,1504247160
2017-09-02,1504409654,253,319,0,1504309140,1504343460
2017-09-03,1504551779,147,164,0,1504388940,1504407600
2017-09-04,1504596719,84,120,0,1504491780,1504504020
2017-09-05,1504707093,209,338,0,1504557720,1504590540
2017-09-06,1504874441,155,247,0,1504650000,1504674120
2017-09-07,1504874439,204,232,2,1504732560,1504758840
2017-09-08,1504928921,186,265,0,1504820940,1504848000
2017-09-09,1505047938,124,276,0,1504903980,1504927980
2017-09-10,1505280550,278,381,2,1504991520,1505031180
2017-09-11,1505280549,120,288,0,1505083380,1505107860
2017-09-12,1505280551,150,256,2,1505168640,1505193120
2017-09-13,1505336736,132,338,0,1505251860,1505280060
2017-09-14,1505423490,98,313,0,1505341560,1505366220
2017-09-15,1505720271,181,187,0,1505427480,1505449560
2017-09-16,1505720274,21,374,61,1505516220,1505543580
2017-09-17,1505720272,235,280,0,1505601540,1505632440
2017-09-18,1506117544,128,310,2,1505692080,1505718480
2017-09-19,1506117551,289,331,0,1505769180,1505806380
2017-09-20,1506117550,183,387,0,1505855880,1505890080
2017-09-21,1506117549,194,270,0,1505948700,1505976540
2017-09-22,1506117552,188,319,0,1506032220,1506062640
2017-09-23,1506271626,203,264,0,1506122940,1506150960
2017-09-24,1506322381,140,305,0,1506207180,1506233880
2017-09-25,1506436867,134,287,0,1506292920,1506318180
2017-09-26,1506489696,171,279,0,1506377820,1506404820
2017-09-27,1506546564,151,266,0,1506464460,1506489480
2017-09-28,1506768401,199,269,0,1506549540,1506577620
2017-09-29,1506768391,136,273,0,1506635640,1506660180
2017-09-30,1506960356,181,167,0,1506723780,1506744660
2017-10-01,1506960359,218,461,2,1506809760,1506850620
2017-10-02,1507037643,161,230,0,1506898320,1506921780
2017-10-03,1507064690,178,279,0,1506981060,1507008480
2017-10-04,1507182485,114,308,0,1507068540,1507093860
2017-10-05,1507254455,143,272,0,1507156860,1507181760
2017-10-06,1507377324,141,226,0,1507243680,1507265700
2017-10-07,1507494913,204,215,0,1507329180,1507354320
2017-10-08,1507838969,220,301,0,1507419720,1507450980
2017-10-09,1507838968,221,265,0,1507499100,1507528260
2017-10-10,1507838966,81,304,0,1507589220,1507612320
2017-10-11,1507838967,133,257,0,1507676940,1507700340
2017-10-12,1507969717,173,228,0,1507760340,1507784400
2017-10-13,1507969718,164,243,0,1507848420,1507872840
2017-10-14,1508017244,133,167,0,1507935600,1507953600
2017-10-15,1508120238,276,267,0,1508023440,1508056020
2017-10-16,1508497006,197,192,0,1508108880,1508132220
2017-10-17,1508497007,193,276,0,1508191020,1508219160
2017-10-18,1508497005,130,238,0,1508281860,1508303940
2017-10-19,1508497008,169,232,0,1508365140,1508389200
2017-10-20,1508657863,176,297,0,1508451420,1508479800
2017-10-21,1508657856,158,218,0,1508538120,1508560680
2017-10-22,1508880689,140,287,0,1508628840,1508654460
2017-10-23,1508880687,149,226,0,1508713380,1508735880
2017-10-24,1508880689,140,261,0,1508796540,1508820600
2017-10-25,1508997472,128,231,0,1508883300,1508904840
2017-10-26,1509101614,154,290,0,1508970000,1508996640
2017-10-27,1509300548,81,192,0,1509063780,1509080160
2017-10-28,1509300549,176,184,0,1509147060,1509168660
2017-10-29,1509312371,176,357,0,1509232020,1509264000
2017-10-30,1509602277,136,212,0,1509319260,1509340140
2017-10-31,1509602273,192,252,0,1509402540,1509429180
2017-11-01,1509602277,159,244,0,1509490500,1509514680
2017-11-02,1509768958,174,271,0,1509575640,1509602340
2017-11-03,1509768957,169,265,0,1509658980,1509685020
2017-11-04,1510034370,178,219,0,1509744720,1509768540
2017-11-05,1510034369,280,378,0,1509829680,1509869160
2017-11-06,1510034369,221,401,4,1509920100,1509957660
2017-11-07,1510423829,159,246,0,1510009140,1510033440
2017-11-08,1510423829,225,213,0,1510093860,1510120140
2017-11-09,1510423828,171,203,0,1510179660,1510202100
2017-11-10,1510423829,144,273,0,1510264380,1510289400
2017-11-11,1510446464,0,0,0,1510261200,1510261200
2017-11-12,1510677882,245,359,0,1510439880,1510476120
2017-11-13,1510677886,140,214,0,1510529880,1510551120
2017-11-14,1510723970,160,327,0,1510612680,1510641900
2017-11-15,1510868369,174,262,0,1510698480,1510724640
2017-11-16,1510868368,178,248,0,1510785540,1510811100
2017-11-17,1510980931,182,323,0,1510867140,1510897440
2017-11-18,1511285553,198,227,0,1510954920,1510980420
2017-11-19,1511285552,216,391,0,1511046300,1511082720
2017-11-20,1511285552,127,284,0,1511132220,1511156880
2017-11-21,1511416098,130,307,0,1511215260,1511241480
2017-11-22,1511416098,180,285,2,1511301000,1511329020
2017-11-23,1511560453,99,285,0,1511392200,1511415240
2017-11-24,1511560453,108,355,0,1511473800,1511501580
2017-11-25,1511761838,146,235,0,1511567640,1511590500
2017-11-26,1511761849,178,287,0,1511649240,1511677140
2017-11-27,1511818216,178,264,0,1511738460,1511764980
2017-11-28,1512053649,140,142,0,1511829060,1511845980
2017-11-29,1512053647,136,249,0,1511912520,1511935620
2017-11-30,1512158428,174,198,0,1512000600,1512022920
2017-12-01,1512294121,160,232,0,1512082200,1512105720
2017-12-02,1512294121,185,283,0,1512170340,1512198420
2017-12-03,1512493237,141,209,0,1512264780,1512285780
2017-12-04,1512493237,203,176,0,1512342660,1512365400
2017-12-05,1512733036,140,298,0,1512426840,1512453120
2017-12-06,1512733036,201,223,0,1512512280,1512537720
2017-12-07,1512733036,143,265,0,1512598020,1512622500
2017-12-08,1513102136,214,225,0,1512684240,1512710580
2017-12-09,1513102129,137,290,0,1512770340,1512795960
2017-12-10,1513102128,346,268,0,1512858360,1512895200
2017-12-11,1513102138,187,249,0,1512944760,1512970920
2017-12-12,1513173597,216,212,2,1513032000,1513057800
2017-12-13,1513249999,189,262,0,1513118760,1513145820
2017-12-14,1513287119,130,281,0,1513204380,1513229040
2017-12-15,1513412441,224,386,0,1513291260,1513327860
2017-12-16,1513484285,178,295,0,1513381320,1513409700
2017-12-17,1513583890,228,343,0,1513464000,1513498260
2017-12-18,1514123576,152,335,0,1513554120,1513583340
2017-12-19,1514123577,212,222,0,1513644360,1513670400
2017-12-20,1514123575,144,327,0,1513727700,1513755960
2017-12-21,1514123576,141,290,0,1513818240,1513844100
2017-12-22,1514123575,159,345,0,1513902480,1513932720
2017-12-23,1514123573,195,289,0,1513991160,1514020200
2017-12-24,1514277419,94,353,2,1514076240,1514103180
2017-12-25,1514277419,162,427,0,1514162520,1514197860
2017-12-26,1514591146,132,236,0,1514250000,1514272080
2017-12-27,1514591148,161,340,0,1514333580,1514363640
2017-12-28,1514591147,150,344,0,1514421660,1514451300
2017-12-29,1514591147,212,304,0,1514507940,1514538900
2017-12-30,1514765329,102,378,0,1514591640,1514620440
2017-12-31,1514765342,267,302,0,1514680620,1514714760
2018-01-01,1514861016,0,0,0,1514667600,1514667600
2018-01-02,1514933849,133,342,0,1514861160,1514889660
2018-01-03,1515062959,0,0,0,1514840400,1514840400
2018-01-04,1515304658,41,23,0,1515026880,1515030720
2018-01-05,1515304651,157,354,0,1515113280,1515143940
2018-01-06,1515304659,232,402,0,1515197460,1515235500
2018-01-07,1515368077,69,282,2,1515281820,1515303000
2018-01-08,1515445574,187,363,0,1515374220,1515407220
2018-01-09,1515532143,0,0,0,1515358800,1515358800
2018-01-10,1515618556,212,348,0,1515530940,1515564540
2018-01-11,1515704803,179,251,0,1515633480,1515659280
2018-01-12,1515791206,107,208,0,1515720120,1515739020
2018-01-13,1515877615,144,348,0,1515792660,1515822180
2018-01-14,1516103845,210,401,0,1515884940,1515921600
2018-01-15,1516103845,143,293,0,1515973740,1515999900
2018-01-16,1516136845,155,437,0,1516053780,1516089300
2018-01-17,1516223255,164,232,0,1516145580,1516169340
2018-01-18,1516309665,145,424,0,1516220760,1516254900
2018-01-19,1516396082,179,201,0,1516319700,1516342500
2018-01-20,1516482511,240,323,0,1516401900,1516435680
2018-01-21,1517387033,188,283,0,1516476840,1516505100
2018-01-22,1516655476,216,332,35,1516574880,1516609860
2018-01-23,1516766936,146,289,0,1516661520,1516687620
2018-01-24,1516813727,20,97,0,1516728540,1516735560
2018-01-25,1516901936,163,293,0,1516828680,1516856040
2018-01-26,1516991947,218,288,0,1516910340,1516940700
2018-01-27,1517387035,0,0,0,1516899600,1516899600
2018-01-28,1517387034,0,0,0,1516986000,1516986000
2018-01-29,1517387036,238,247,0,1517170680,1517199780
2018-01-30,1517387036,223,351,0,1517255880,1517290320
2018-01-31,1517419430,202,374,233,1517348160,1517396700
2018-02-01,1517505844,299,315,0,1517413140,1517449980
2018-02-02,1517592251,244,363,0,1517511060,1517547480
2018-02-03,1517678666,124,257,0,1517605440,1517628300
2018-02-04,1517765079,192,295,18,1517688660,1517718960
2018-02-05,1517926498,193,263,2,1517779380,1517806860
2018-02-06,1517937895,149,341,0,1517864880,1517894280
2018-02-07,1518024308,145,127,0,1517948400,1517964720
2018-02-08,1518110714,256,443,17,1518023100,1518066060
2018-02-09,1518197125,148,207,2,1518121680,1518143100
2018-02-10,1518283540,196,161,0,1518203340,1518224760
2018-02-11,1518369943,98,259,0,1518286860,1518308280
2018-02-12,1518456354,192,264,0,1518373320,1518400680
2018-02-13,1518542761,220,286,0,1518458400,1518488760
2018-02-14,1518629175,131,158,0,1518550260,1518567600
2018-02-15,1518715612,194,264,0,1518630000,1518657480
2018-02-16,1518801991,131,330,0,1518726660,1518754320
2018-02-17,1518890217,155,347,0,1518806640,1518836760
2018-02-18,1518974822,116,127,0,1518896760,1518911340
2018-02-19,1519061245,0,0,0,1518886800,1518886800
2018-02-20,1519147630,339,416,0,1519065960,1519111260
2018-02-21,1519238951,0,0,0,1519059600,1519059600
2018-02-22,1519319958,199,290,2,1519246500,1519275960
2018-02-23,1519406370,163,394,0,1519328580,1519362000
2018-02-24,1519492784,121,369,0,1519424880,1519454280
2018-02-25,1519579190,120,343,0,1519506660,1519534440
2018-02-26,1519665597,240,338,0,1519588500,1519623180
2018-02-27,1519752012,126,352,0,1519677840,1519706520
2018-02-28,1519838419,152,424,0,1519760280,1519794840
2018-03-01,1519924830,120,282,0,1519851540,1519875660
2018-03-02,1520014835,220,293,0,1519931220,1519962000
2018-03-03,1520097652,129,343,0,1520024460,1520052780
2018-03-04,1520184054,149,364,0,1520110440,1520141220
2018-03-05,1520272263,0,0,0,1520096400,1520096400
2018-03-06,1520356876,47,168,0,1520275260,1520288160
2018-03-07,1520445115,127,227,0,1520352960,1520374200
2018-03-08,1520531503,132,470,0,1520449020,1520485140
2018-03-09,1520616110,0,0,0,1520442000,1520442000
2018-03-10,1520702529,273,377,0,1520614800,1520653800
2018-03-11,1520788925,78,387,0,1520713620,1520741520
2018-03-12,1520875358,158,471,16,1520793420,1520832120
2018-03-13,1520961743,120,139,62,1520883240,1520902500
2018-03-14,1521048152,158,374,0,1520968440,1521000360
2018-03-15,1521134560,185,185,0,1521065520,1521087720
2018-03-16,1521220979,158,335,0,1521146460,1521176040
2018-03-17,1521307383,104,418,0,1521228120,1521259440
2018-03-18,1521393789,77,393,0,1521322020,1521350220
2018-03-19,1521480210,153,255,0,1521405300,1521429780
2018-03-20,1521566611,161,220,0,1521494580,1521517440
2018-03-21,1521662023,141,307,0,1521579780,1521606660
2018-03-22,1521757435,384,586,0,1521661980,1521720180
2018-03-23,1521825846,0,0,0,1521651600,1521651600
2018-03-24,1521912248,0,0,0,1521738000,1521738000
2018-03-25,1521998657,159,286,0,1521923100,1521949800
2018-03-26,1522085076,234,395,0,1522009080,1522046820
2018-03-27,1522180494,0,0,0,1521997200,1521997200
2018-03-28,1522257886,210,429,0,1522183260,1522221600
2018-03-29,1522344592,0,0,0,1522170000,1522170000
2018-03-30,1522431002,343,427,0,1522343220,1522389420
2018-03-31,1522521015,0,0,0,1522342800,1522342800
2018-04-01,1522603821,284,401,0,1522520640,1522561740
2018-04-02,1522690233,0,0,0,1522515600,1522515600
2018-04-03,1522776640,263,250,0,1522689000,1522719780
2018-04-04,1522866649,203,419,0,1522788900,1522826220
2018-04-05,1522948386,0,0,0,1522774800,1522774800
2018-04-06,1523035865,0,0,0,1522861200,1522861200
2018-04-07,1523122280,0,0,0,1522947600,1522947600
2018-04-08,1523208683,180,447,0,1523111400,1523149020
2018-04-09,1523295093,182,176,0,1523208720,1523230200
2018-04-10,1523381509,185,376,0,1523293260,1523326920
2018-04-11,1523467913,180,220,0,1523386200,1523410200
2018-04-12,1523552524,124,283,0,1523470800,1523495220
2018-04-13,1523638928,173,286,0,1523552220,1523579760
2018-04-14,1523725338,141,345,0,1523639580,1523668740
2018-04-15,1523811749,124,194,0,1523727240,1523746320
2018-04-16,1523898157,276,337,0,1523803140,1523839920
2018-04-17,1523984568,159,337,0,1523896020,1523925780
2018-04-18,1524070977,161,231,0,1523984880,1524008400
2018-04-19,1524157389,190,281,0,1524065820,1524094080
2018-04-20,1524243798,127,245,0,1524164040,1524186360
2018-04-21,1524330208,193,264,0,1524246840,1524274260
2018-04-22,1524473437,62,257,0,1524335460,1524354600
2018-04-23,1524549828,109,248,0,1524417840,1524439260
2018-04-24,1524603858,223,578,20,1524481200,1524530460
2018-04-25,1524690247,93,397,0,1524592140,1524621540
2018-04-26,1524778453,212,329,0,1524677460,1524709920
2018-04-27,1524863064,108,320,0,1524768840,1524794520
2018-04-28,1524949474,124,362,0,1524853080,1524882240
2018-04-29,1525041301,205,212,0,1524951480,1524976500
2018-04-30,1525122292,127,437,0,1525038000,1525071840
2018-05-01,1525208704,119,244,0,1525123260,1525145040
2018-05-02,1525295112,146,461,0,1525202220,1525238640
2018-05-03,1525381522,86,231,0,1525295700,1525314720
2018-05-04,1525467936,193,275,0,1525368000,1525396080
2018-05-05,1525554448,154,421,0,1525454280,1525488780
2018-05-06,1525640754,158,439,88,1525549680,1525590780
2018-05-07,1525727166,146,435,0,1525634640,1525669500
2018-05-08,1525813573,198,292,0,1525717320,1525746720
2018-05-09,1525901787,201,329,2,1525804080,1525836000
2018-05-10,1525986398,244,253,0,1525893180,1525923000
2018-05-11,1526072814,122,245,0,1525984620,1526006640
2018-05-12,1526159216,115,259,0,1526063760,1526086200
2018-05-13,1526245632,62,452,0,1526148840,1526179680
2018-05-14,1526332035,97,205,0,1526244540,1526262660
2018-05-15,1526418442,174,381,0,1526314620,1526347920
2018-05-16,1526504893,101,289,0,1526406780,1526430180
2018-05-17,1526591268,76,429,0,1526490960,1526521260
2018-05-18,1526679477,164,260,0,1526582280,1526607720
2018-05-19,1526764087,137,429,0,1526666100,1526700060
2018-05-20,1526850495,126,308,0,1526760300,1526786340
2018-05-21,1527012516,91,331,0,1526863740,1526889060
2018-05-22,1527068316,194,197,0,1526940540,1526964000
2018-05-23,1527109863,128,412,0,1527025800,1527058200
2018-05-24,1527197931,122,298,0,1527114900,1527140100
2018-05-25,1527284340,163,328,0,1527197220,1527226680
2018-05-26,1527368951,158,347,0,1527289620,1527319920
2018-05-27,1527455359,118,300,0,1527379500,1527404580
2018-05-28,1527541771,138,278,0,1527464340,1527489300
2018-05-29,1527628211,136,333,0,1527542100,1527570240
2018-05-30,1527714622,115,330,0,1527629700,1527656400
2018-05-31,1527801004,165,347,0,1527714660,1527745380
2018-06-01,1527887407,198,209,0,1527804540,1527828960
2018-06-02,1527975822,139,447,0,1527894720,1527929880
2018-06-03,1528062023,125,256,0,1527991560,1528014420
2018-06-04,1528146632,0,0,0,1527973200,1527973200
2018-06-05,1528233040,109,292,0,1528152960,1528177020
2018-06-06,1528351939,111,287,0,1528240020,1528263900
2018-06-07,1528405795,125,278,0,1528326240,1528350420
2018-06-08,1528492271,149,277,0,1528412280,1528437840
2018-06-09,1528578684,126,319,0,1528494000,1528520700
2018-06-10,1528665088,65,423,0,1528582920,1528612200
2018-06-11,1528751499,60,487,0,1528669020,1528701840
2018-06-12,1528837917,171,448,0,1528752840,1528789980
2018-06-13,1528924318,113,341,0,1528839540,1528866780
2018-06-14,1529010729,130,296,0,1528927140,1528952700
2018-06-15,1529097142,102,344,0,1529015280,1529042040
2018-06-16,1529185344,68,408,0,1529106900,1529135460
2018-06-17,1529269956,216,323,0,1529192700,1529225040
2018-06-18,1529356374,52,366,0,1529275320,1529300400
2018-06-19,1529442774,147,275,0,1529359380,1529384700
2018-06-20,1529529186,115,261,0,1529448840,1529471400
2018-06-21,1529616881,106,310,0,1529534580,1529559540
2018-06-22,1529702002,142,285,0,1529618760,1529644380
2018-06-23,1529788413,115,325,0,1529706960,1529733360
2018-06-24,1529874828,111,224,0,1529789280,1529809380
2018-06-25,1529963153,268,288,0,1529874840,1529908200
2018-06-26,1530047640,0,0,0,1529874000,1529874000
2018-06-27,1530134048,110,341,0,1530049320,1530076380
2018-06-28,1530222263,178,260,0,1530135060,1530161340
2018-06-29,1530306864,193,254,0,1530226740,1530253560
2018-06-30,1530393276,263,369,0,1530315180,1530353100
2018-07-01,1530479684,48,347,47,1530408480,1530435000
2018-07-02,1530566104,55,284,0,1530487500,1530507840
2018-07-03,1530652502,138,376,0,1530567360,1530598200
2018-07-04,1530738912,143,343,0,1530657240,1530686400
2018-07-05,1530825325,127,315,0,1530742560,1530769080
2018-07-06,1530911733,150,336,0,1530827460,1530856620
2018-07-07,1530998143,164,246,0,1530916380,1530940980
2018-07-08,1531084554,142,376,0,1531005540,1531036620
2018-07-09,1531170971,108,194,0,1531094340,1531112460
2018-07-10,1531257376,121,320,0,1531173540,1531200000
2018-07-11,1531343784,125,400,0,1531259520,1531291020
2018-07-12,1531430195,94,310,0,1531348680,1531372920
2018-07-13,1531516604,159,343,0,1531433040,1531463160
2018-07-14,1531603016,139,348,0,1531524600,1531553820
2018-07-15,1531689428,180,353,0,1531606740,1531638720
2018-07-16,1531775838,171,285,0,1531694700,1531722060
2018-07-17,1531862248,187,354,0,1531776480,1531808940
2018-07-18,1531948660,193,242,0,1531868580,1531894680
2018-07-19,1532036866,114,338,0,1531953600,1531980720
2018-07-20,1532121472,100,316,0,1532042400,1532067360
2018-07-21,1532207888,185,421,0,1532123820,1532160180
2018-07-22,1532294294,112,309,0,1532213340,1532238600
2018-07-23,1532380701,90,309,0,1532301300,1532325240
2018-07-24,1532467454,135,309,0,1532382600,1532409240
2018-07-25,1532557462,137,156,44,1532483580,1532503800
2018-07-26,1532726495,119,368,0,1532556720,1532585940
2018-07-27,1532726496,161,288,0,1532642880,1532669820
2018-07-28,1532859901,202,286,0,1532729400,1532758680
2018-07-29,1532903115,146,430,9,1532815320,1532850420
2018-07-30,1532985915,140,291,0,1532904780,1532930640
2018-07-31,1533072325,218,187,0,1532990700,1533015000
2018-08-01,1533158739,196,246,0,1533074280,1533100800
2018-08-02,1533245149,230,259,0,1533156480,1533185820
2018-08-03,1533331581,139,239,0,1533249720,1533272400
2018-08-04,1533417968,87,320,0,1533338400,1533362820
2018-08-05,1533504383,189,272,0,1533422700,1533450360
2018-08-06,1533590792,146,192,0,1533505620,1533525900
2018-08-07,1533677201,193,275,0,1533590760,1533618840
2018-08-08,1533853627,130,341,0,1533676920,1533705180
2018-08-09,1533853628,220,274,0,1533761580,1533791220
2018-08-10,1533949037,138,318,0,1533855420,1533882780
2018-08-11,1534028106,222,278,0,1533947880,1533977880
2018-08-12,1534197331,122,104,3,1534034040,1534047780
2018-08-13,1534197331,205,163,0,1534115220,1534137300
2018-08-14,1534281940,197,242,0,1534197480,1534223820
2018-08-15,1534368348,191,203,0,1534286040,1534309680
2018-08-16,1534454760,114,263,0,1534373580,1534396200
2018-08-17,1534542969,212,190,0,1534459980,1534484100
2018-08-18,1534704994,149,249,0,1534544400,1534568280
2018-08-19,1534715791,224,287,0,1534629180,1534659840
2018-08-20,1534948787,0,0,0,1534626000,1534626000
2018-08-21,1534948787,249,269,0,1534797000,1534828080
2018-08-22,1534973221,150,257,0,1534889280,1534913700
2018-08-23,1535059632,226,158,0,1534976700,1534999740
2018-08-24,1535146044,149,323,0,1535060280,1535088600
2018-08-25,1535266724,163,268,0,1535149380,1535175240
2018-08-26,1535318931,0,0,0,1535144400,1535144400
2018-08-27,1535412541,210,219,0,1535321940,1535347680
2018-08-28,1535491754,153,224,0,1535412960,1535435580
2018-08-29,1535578162,177,237,0,1535495340,1535520180
2018-08-30,1535709582,157,238,0,1535589060,1535612760
2018-08-31,1535750983,151,107,0,1535679180,1535694660
2018-09-01,1535837394,0,0,0,1535662800,1535662800
2018-09-02,1535922006,188,301,0,1535852220,1535881560
2018-09-03,1536008456,0,0,0,1535835600,1535835600
2018-09-04,1536094827,246,393,0,1536008040,1536046380
2018-09-05,1536181241,170,239,0,1536098880,1536123420
2018-09-06,1536269445,196,204,0,1536185400,1536209400
2018-09-07,1536359460,146,238,0,1536274500,1536297540
2018-09-08,1536440483,229,326,0,1536361860,1536395160
2018-09-09,1536526879,113,374,38,1536451440,1536482940
2018-09-10,1536613293,153,279,19,1536529800,1536556860
2018-09-11,1536699694,177,251,0,1536618120,1536643800
2018-09-12,1536786107,126,294,0,1536706200,1536731400
2018-09-13,1536872534,163,250,0,1536791160,1536815940
2018-09-14,1536994949,118,348,0,1536876540,1536904500
2018-09-15,1537045342,186,278,0,1536963060,1536990900
2018-09-16,1537131744,178,452,70,1537053240,1537095240
2018-09-17,1537218156,220,147,0,1537138080,1537160100
2018-09-18,1537306366,102,346,0,1537222500,1537249380
2018-09-19,1537425187,110,337,0,1537308540,1537335360
2018-09-20,1537477390,169,247,0,1537395840,1537420800
2018-09-21,1537563813,179,233,0,1537483500,1537508220
2018-09-22,1537650203,171,401,0,1537567200,1537601520
2018-09-23,1537736617,0,0,0,1537563600,1537563600
2018-09-24,1537826627,154,447,52,1537731540,1537770720
2018-09-25,1537909433,205,329,56,1537824660,1537860060
2018-09-26,1538030049,128,150,0,1537914420,1537931100
2018-09-27,1538085855,247,262,0,1537996860,1538027400
2018-09-28,1538172263,285,367,0,1538078220,1538117340
2018-09-29,1538258675,184,307,0,1538171340,1538200800
2018-09-30,1538345082,217,365,0,1538252280,1538287200
2018-10-01,1538431492,197,319,0,1538343540,1538374500
2018-10-02,1538517901,208,306,4,1538427660,1538458740
2018-10-03,1538604311,247,370,0,1538511060,1538548080
2018-10-04,1538690723,209,419,6,1538595660,1538633700
2018-10-05,1538777132,213,352,0,1538685240,1538719140
2018-10-06,1538863543,138,261,2,1538779080,1538803140
2018-10-07,1538949957,211,396,0,1538862960,1538899380
2018-10-08,1539036366,318,517,90,1538928000,1538983500
2018-10-09,1539122770,215,358,0,1539033960,1539068340
2018-10-10,1539210987,335,418,63,1539106380,1539155340
2018-10-11,1539295593,213,262,0,1539208560,1539237060
2018-10-12,1539382011,181,398,0,1539295500,1539330240
2018-10-13,1539468431,174,257,0,1539382860,1539408720
2018-10-14,1539554825,239,272,0,1539469560,1539500220
2018-10-15,1539641243,204,256,0,1539556800,1539584400
2018-10-16,1539727640,158,222,0,1539643080,1539665880
2018-10-17,1539814046,214,321,0,1539723000,1539755100
2018-10-18,1539900455,112,254,0,1539821700,1539843660
2018-10-19,1539986867,239,510,31,1539887880,1539934680
2018-10-20,1540073277,187,355,0,1539989460,1540021980
2018-10-21,1540159681,61,447,17,1540071000,1540102500
2018-10-22,1540246121,304,321,0,1540153680,1540191180
2018-10-23,1540332500,167,327,2,1540247220,1540276980
2018-10-24,1540418911,162,212,0,1540338120,1540360560
2018-10-25,1540550323,175,325,0,1540424520,1540454520
2018-10-26,1540751944,202,268,0,1540509000,1540537200
2018-10-27,1540751944,273,295,0,1540594440,1540628520
2018-10-28,1540804166,0,0,0,1540591200,1540591200
2018-10-29,1540897825,195,252,0,1540773060,1540799880
2018-10-30,1540987769,206,300,2,1540854120,1540884600
2018-10-31,1541063386,217,324,0,1540941720,1540974180
2018-11-01,1541113793,189,308,0,1541027220,1541057040
2018-11-02,1541200203,250,282,60,1541120460,1541155980
2018-11-03,1541286611,136,282,0,1541210460,1541235540
2018-11-04,1541373019,156,281,0,1541296680,1541322900
2018-11-05,1541459426,131,256,0,1541382480,1541405700
2018-11-06,1541545840,196,167,0,1541466120,1541487900
2018-11-07,1541756721,194,217,0,1541548980,1541573640
2018-11-08,1541756721,271,322,0,1541628660,1541664240
2018-11-09,1541805328,0,0,0,1541631600,1541631600
2018-11-10,1541891737,0,0,0,1541718000,1541718000
2018-11-11,1541978143,0,0,0,1541804400,1541804400
2018-11-12,1542064553,0,0,0,1541890800,1541890800
2018-11-13,1542150964,195,252,0,1542069180,1542096000
2018-11-14,1542237371,172,187,0,1542156660,1542178200
2018-11-15,1542323780,200,343,0,1542243360,1542275940
2018-11-16,1542410192,0,0,0,1542236400,1542236400
2018-11-17,1542496603,0,0,0,1542322800,1542322800
2018-11-18,1542583076,0,0,0,1542409200,1542409200
2018-11-19,1542669420,0,0,0,1542495600,1542495600
2018-11-20,1542755836,0,0,0,1542582000,1542582000
2018-11-21,1542842238,0,0,0,1542668400,1542668400
2018-11-22,1542928646,0,0,0,1542754800,1542754800
2018-11-23,1543015058,0,0,0,1542841200,1542841200
2018-11-24,1543101467,0,0,0,1542927600,1542927600
2018-11-25,1543187880,0,0,0,1543014000,1543014000
2018-11-26,1543274290,0,0,0,1543100400,1543100400
2018-11-27,1543360695,0,0,0,1543186800,1543186800
2018-11-28,1543479508,0,0,0,1543273200,1543273200
2018-11-29,1543533517,0,0,0,1543359600,1543359600
2018-11-30,1543619925,0,0,0,1543446000,1543446000
2018-12-01,1543833390,187,224,0,1543626120,1543650780
2018-12-02,1543833390,195,258,0,1543710420,1543737600
2018-12-03,1543879149,199,222,0,1543798380,1543823640
2018-12-04,1543965560,206,257,0,1543883340,1543911120
2018-12-05,1544051967,0,0,0,1543878000,1543878000
2018-12-06,1544138377,0,0,0,1543964400,1543964400
2018-12-07,1544224787,0,0,0,1544050800,1544050800
2018-12-08,1544311196,0,0,0,1544137200,1544137200
2018-12-09,1544397607,0,0,0,1544223600,1544223600
2018-12-10,1544484015,0,0,0,1544310000,1544310000
2018-12-11,1544570718,0,0,0,1544396400,1544396400
2018-12-12,1544656835,0,0,0,1544482800,1544482800
2018-12-13,1544743241,0,0,0,1544569200,1544569200
2018-12-14,1544865655,0,0,0,1544655600,1544655600
2018-12-15,1544916057,0,0,0,1544742000,1544742000
2018-12-16,1545580088,0,0,0,1544828400,1544828400
2018-12-17,1545934397,126,258,0,1545012000,1545035040
2018-12-18,1545934395,0,0,0,1545001200,1545001200
2018-12-19,1545580143,0,0,0,1545087600,1545087600
2018-12-20,1545580085,0,0,0,1545174000,1545174000
2018-12-21,1545580092,0,0,0,1545260400,1545260400
2018-12-22,1545580149,0,0,0,1545346800,1545346800
2018-12-23,1545934398,0,0,0,1545433200,1545433200
2018-12-24,1545934398,0,0,0,1545519600,1545519600
2018-12-25,1545934403,0,0,0,1545606000,1545606000
2018-12-26,1545934402,0,0,0,1545692400,1545692400
2018-12-27,1545954755,0,0,0,1545778800,1545778800
2018-12-28,1546039361,124,156,0,1545969000,1545985800
2018-12-29,1546184195,0,0,0,1545951600,1545951600
2018-12-30,1546212181,0,0,0,1546038000,1546038000
2018-12-31,1546298592,0,0,0,1546124400,1546124400
2019-01-01,1546385003,0,0,0,1546210800,1546210800
2019-01-02,1546471406,170,193,0,1546393740,1546415520
2019-01-03,1546557816,0,0,0,1546383600,1546383600
2019-01-04,1546644229,0,0,0,1546470000,1546470000
2019-01-05,1546730637,0,0,0,1546556400,1546556400
2019-01-06,1546817055,0,0,0,1546642800,1546642800
2019-01-07,1546903454,0,0,0,1546729200,1546729200
2019-01-08,1546989865,152,290,0,1546907700,1546934220
2019-01-09,1547076278,204,250,0,1546993560,1547020800
2019-01-10,1547162685,135,290,0,1547085240,1547110740
2019-01-11,1547304896,186,310,0,1547168400,1547198160
2019-01-12,1547335506,165,273,0,1547257260,1547283540
2019-01-13,1547422644,110,263,84,1547352840,1547380260
2019-01-14,1547508330,187,225,0,1547430720,1547455440
2019-01-15,1547594729,0,0,0,1547420400,1547420400
2019-01-16,1547681144,137,372,0,1547604360,1547634900
2019-01-17,1547767549,0,0,0,1547593200,1547593200
2019-01-18,1547855765,226,266,0,1547775180,1547804700
2019-01-19,1547940372,0,0,0,1547766000,1547766000
2019-01-20,1548026781,0,0,0,1547852400,1547852400
2019-01-21,1548113189,0,0,0,1547938800,1547938800
2019-01-22,1548281977,0,0,0,1548025200,1548025200
2019-01-23,1548286009,0,0,0,1548111600,1548111600
2019-01-24,1548372419,0,0,0,1548198000,1548198000
2019-01-25,1548460631,0,0,0,1548284400,1548284400
2019-01-26,1548545236,0,0,0,1548370800,1548370800
2019-01-27,1548631648,0,0,0,1548457200,1548457200
2019-01-28,1548718056,0,0,0,1548543600,1548543600
2019-01-29,1548804466,190,299,0,1548725760,1548755100
2019-01-30,1548890874,0,0,0,1548716400,1548716400
2019-01-31,1548985404,0,0,0,1548802800,1548802800
2019-02-01,1549062808,0,0,0,1548889200,1548889200
2019-02-02,1549149218,183,300,0,1549071120,1549100100
2019-02-03,1549235627,0,0,0,1549062000,1549062000
2019-02-04,1549322143,50,32,0,1549256340,1549261260
2019-02-05,1549444449,0,0,0,1549234800,1549234800
2019-02-06,1549494849,0,0,0,1549321200,1549321200
2019-02-07,1549581266,0,0,0,1549407600,1549407600
2019-02-08,1549667676,0,0,0,1549494000,1549494000
2019-02-09,1549880098,0,0,0,1549580400,1549580400
2019-02-10,1549880098,0,0,0,1549666800,1549666800
2019-02-11,1549926898,0,0,0,1549753200,1549753200
2019-02-12,1550013311,0,0,0,1549839600,1549839600
2019-02-13,1550099717,0,0,0,1549926000,1549926000
2019-02-14,1550186126,0,0,0,1550012400,1550012400
2019-02-15,1550272532,0,0,0,1550098800,1550098800
2019-02-16,1550355340,0,0,0,1550181600,1550181600
2019-02-17,1550445349,0,0,0,1550271600,1550271600
2019-02-18,1550535378,0,0,0,1550358000,1550358000
2019-02-19,1550618172,0,0,0,1550444400,1550444400
2019-02-20,1550745989,0,0,0,1550530800,1550530800
2019-02-21,1550790992,0,0,0,1550617200,1550617200
2019-02-22,1550877399,0,0,0,1550703600,1550703600
2019-02-23,1550963809,0,0,0,1550790000,1550790000
2019-02-24,1551050222,0,0,0,1550876400,1550876400
2019-02-25,1551138438,0,0,0,1550962800,1550962800
2019-02-26,1551228443,0,0,0,1551049200,1551049200
2019-02-27,1551309454,0,0,0,1551135600,1551135600
2019-02-28,1551395856,0,0,0,1551222000,1551222000
2019-03-01,1551482266,0,0,0,1551308400,1551308400
2019-03-02,1551568670,0,0,0,1551394800,1551394800
2019-03-03,1551655081,0,0,0,1551481200,1551481200
2019-03-04,1551741497,119,84,0,1551674280,1551686460
2019-03-05,1551827900,0,0,0,1551654000,1551654000
2019-03-06,1551914311,0,0,0,1551740400,1551740400
2019-03-07,1552000719,0,0,0,1551826800,1551826800
2019-03-08,1552088926,0,0,0,1551913200,1551913200
2019-03-09,1552172435,0,0,0,1551999600,1551999600
2019-03-10,1552258838,0,0,0,1552086000,1552086000
2019-03-11,1552345248,0,0,0,1552172400,1552172400
2019-03-12,1552431657,0,0,0,1552258800,1552258800
2019-03-13,1552518080,0,0,0,1552345200,1552345200
2019-03-14,1552604500,0,0,0,1552431600,1552431600
2019-03-15,1552690894,0,0,0,1552518000,1552518000
2019-03-16,1552777305,0,0,0,1552604400,1552604400
2019-03-17,1552863712,0,0,0,1552690800,1552690800
2019-03-18,1552951908,32,41,0,1552860180,1552864560
2019-03-19,1553036534,0,0,0,1552863600,1552863600
2019-03-20,1553115703,0,0,0,1552942800,1552942800
2019-03-21,1553202531,0,0,0,1553029200,1553029200
2019-03-22,1553288561,0,0,0,1553115600,1553115600
2019-03-23,1553375085,0,0,0,1553202000,1553202000
2019-03-24,1553471105,0,0,0,1553288400,1553288400
2019-03-25,1553591008,0,0,0,1553374800,1553374800
2019-03-26,1553634193,0,0,0,1553461200,1553461200
2019-03-27,1553727804,0,0,0,1553554800,1553554800
2019-03-28,1553814216,0,0,0,1553641200,1553641200
2019-03-29,1553900624,0,0,0,1553727600,1553727600
2019-03-30,1553987034,0,0,0,1553814000,1553814000
2019-03-31,1554069845,0,0,0,1553900400,1553900400
2019-04-01,1554156254,0,0,0,1553983200,1553983200
2019-04-02,1554242664,0,0,0,1554069600,1554069600
2019-04-03,1554329073,0,0,0,1554156000,1554156000
2019-04-04,1554415484,0,0,0,1554242400,1554242400
2019-04-05,1554501896,0,0,0,1554328800,1554328800
2019-04-06,1554588302,0,0,0,1554415200,1554415200
2019-04-07,1554674713,0,0,0,1554501600,1554501600
2019-04-08,1554761124,189,187,0,1554682260,1554704820
2019-04-09,1554847529,154,217,0,1554771660,1554793920
2019-04-10,1554935739,145,339,0,1554852240,1554881280
2019-04-11,1555020353,222,215,0,1554943500,1554969720
2019-04-12,1555106757,0,0,0,1554933600,1554933600
2019-04-13,1555194973,134,217,0,1555125420,1555146480
2019-04-14,1555279573,260,346,0,1555204620,1555240980
2019-04-15,1555366200,0,0,0,1555192800,1555192800
2019-04-16,1555452404,0,0,0,1555279200,1555279200
2019-04-17,1555540613,185,173,0,1555462320,1555483800
2019-04-18,1555625205,255,235,0,1555545120,1555574520
2019-04-19,1555711630,172,446,0,1555623720,1555660800
2019-04-20,1555803465,203,354,0,1555715640,1555749060
2019-04-21,1555884445,261,307,0,1555799340,1555833420
2019-04-22,1555970858,174,264,0,1555884660,1555910940
2019-04-23,1556120903,0,0,0,1555884000,1555884000
2019-04-24,1556143676,0,0,0,1555970400,1555970400
2019-04-25,1556230088,158,226,0,1556153100,1556176140
2019-04-26,1556316492,205,238,0,1556235420,1556262000
2019-04-27,1556402902,0,0,0,1556229600,1556229600
2019-04-28,1556489312,0,0,0,1556316000,1556316000
2019-04-29,1556575719,0,0,0,1556402400,1556402400
2019-04-30,1556662130,0,0,0,1556488800,1556488800
2019-05-01,1556748539,0,0,0,1556575200,1556575200
2019-05-02,1556834954,185,279,0,1556758200,1556786040
2019-05-03,1556921433,0,0,0,1556748000,1556748000
2019-05-04,1557254468,0,0,0,1556834400,1556834400
2019-05-05,1557254468,0,0,0,1556920800,1556920800
2019-05-06,1557254468,0,0,0,1557007200,1557007200
2019-05-07,1557267070,0,0,0,1557093600,1557093600
2019-05-08,1557391289,0,0,0,1557180000,1557180000
2019-05-09,1557439888,212,268,0,1557357060,1557385860
2019-05-10,1557586147,0,0,0,1557352800,1557352800
2019-05-11,1557612702,0,0,0,1557439200,1557439200
2019-05-12,1557699112,207,293,0,1557620700,1557650700
2019-05-13,1557825126,161,206,0,1557705780,1557727800
2019-05-14,1557876021,226,299,2,1557790680,1557822300
2019-05-15,1557958341,182,245,0,1557878700,1557904320
2019-05-16,1558044751,176,245,0,1557968100,1557993360
2019-05-17,1558172801,183,299,0,1558048920,1558077840
2019-05-18,1558217565,169,280,0,1558141140,1558168080
2019-05-19,1558303974,180,249,0,1558228140,1558253880
2019-05-20,1558390393,198,307,0,1558315800,1558346100
2019-05-21,1558476796,140,294,0,1558397760,1558423800
2019-05-22,1558561897,0,0,0,1558389600,1558389600
2019-05-23,1558651967,210,280,0,1558568280,1558597680
2019-05-24,1558770174,121,102,0,1558661940,1558675320
2019-05-25,1558822492,246,187,0,1558741620,1558767600
2019-05-26,1558908925,226,238,0,1558829760,1558857600
2019-05-27,1558995351,197,302,0,1558914480,1558944420
2019-05-28,1559081780,90,172,0,1559006580,1559022300
2019-05-29,1559168217,143,314,0,1559085900,1559113320
2019-05-30,1559254646,215,324,0,1559171700,1559204040
2019-05-31,1559341075,152,290,0,1559261400,1559287920
2019-06-01,1559467963,190,231,0,1559347140,1559372400
2019-06-02,1559513975,192,329,0,1559434560,1559465820
2019-06-03,1559670743,197,259,0,1559517780,1559545140
2019-06-04,1559686803,187,330,0,1559602080,1559633100
2019-06-05,1559773234,120,239,0,1559696820,1559718360
2019-06-06,1559859674,215,355,0,1559772840,1559807040
2019-06-07,1560105735,0,0,0,1559772000,1559772000
2019-06-08,1560108170,170,300,0,1559948940,1559977140
2019-06-09,1560118976,0,0,0,1559944800,1559944800
2019-06-10,1560205403,314,470,63,1560112080,1560162900
2019-06-11,1560291835,162,232,0,1560212460,1560236100
2019-06-12,1560378275,123,282,0,1560300960,1560325260
2019-06-13,1560464703,195,279,0,1560383340,1560411780
2019-06-14,1560550910,191,241,0,1560473400,1560499320
2019-06-15,1560637559,0,0,0,1560463200,1560463200
2019-06-16,1560723991,0,0,0,1560549600,1560549600
2019-06-17,1560865107,0,0,0,1560636000,1560636000
2019-06-18,1560896861,0,0,0,1560722400,1560722400
2019-06-19,1560983296,0,0,0,1560808800,1560808800
2019-06-20,1561069719,0,0,0,1560895200,1560895200
2019-06-21,1561156150,0,0,0,1560981600,1560981600
2019-06-22,1561242575,0,0,0,1561068000,1561068000
2019-06-23,1561327203,0,0,0,1561154400,1561154400
2019-06-24,1561428033,0,0,0,1561240800,1561240800
2019-06-25,1561500057,0,0,0,1561327200,1561327200
2019-06-26,1561586486,0,0,0,1561413600,1561413600
2019-06-27,1561672917,0,0,0,1561500000,1561500000
2019-06-28,1561926922,0,0,0,1561586400,1561586400
2019-06-29,1561926922,0,0,0,1561672800,1561672800
2019-06-30,1561932154,0,0,0,1561759200,1561759200
2019-07-01,1562018658,191,154,0,1561940220,1561960920
2019-07-02,1562105094,0,0,0,1561932000,1561932000
2019-07-03,1562191530,0,0,0,1562018400,1562018400
2019-07-04,1562277950,0,0,0,1562104800,1562104800
2019-07-05,1562364380,0,0,0,1562191200,1562191200
2019-07-06,1562450814,0,0,0,1562277600,1562277600
2019-07-07,1562537240,0,0,0,1562364000,1562364000
2019-07-08,1562623671,0,0,0,1562450400,1562450400
2019-07-09,1562710099,0,0,0,1562536800,1562536800
2019-07-10,1562796535,0,0,0,1562623200,1562623200
2019-07-11,1562884766,0,0,0,1562709600,1562709600
2019-07-12,1562969391,0,0,0,1562796000,1562796000
2019-07-13,1563055821,0,0,0,1562882400,1562882400
2019-07-14,1563142254,0,0,0,1562968800,1562968800
2019-07-15,1563228682,0,0,0,1563055200,1563055200
2019-07-16,1563315111,0,0,0,1563141600,1563141600
2019-07-17,1563401541,0,0,0,1563228000,1563228000
2019-07-18,1563490223,0,0,0,1563314400,1563314400
2019-07-19,1563574402,0,0,0,1563400800,1563400800
2019-07-20,1563705948,0,0,0,1563487200,1563487200
2019-07-21,1563747271,0,0,0,1563573600,1563573600
2019-07-22,1563833706,0,0,0,1563660000,1563660000
2019-07-23,1563919591,0,0,0,1563746400,1563746400
2019-07-24,1564007703,192,282,2,1563923040,1563951600
2019-07-25,1564092307,70,286,0,1564017720,1564039080
2019-07-26,1564179670,156,255,0,1564104900,1564129560
2019-07-27,1564267865,140,169,0,1564189980,1564208520
2019-07-28,1564352406,131,236,0,1564272420,1564294440
2019-07-29,1564503094,186,332,0,1564349040,1564380120
2019-07-30,1564524667,288,410,0,1564434480,1564476360
2019-07-31,1564611727,158,288,0,1564528260,1564555020
2019-08-01,1564698066,90,429,0,1564611780,1564642920
2019-08-02,1564784109,83,184,0,1564710180,1564726200
2019-08-03,1564871046,165,541,0,1564783680,1564826040
2019-08-04,1564956309,87,310,0,1564881780,1564905600
2019-08-05,1565043254,75,332,0,1564959780,1564984200
2019-08-06,1565129651,99,314,0,1565049960,1565074740
2019-08-07,1565216047,57,395,2,1565133960,1565161200
2019-08-08,1565302447,114,336,0,1565220600,1565247600
2019-08-09,1565388848,176,306,0,1565304720,1565333640
2019-08-10,1565474466,160,374,0,1565392020,1565424060
2019-08-11,1565562873,96,261,0,1565482260,1565503680
2019-08-12,1565647448,139,276,0,1565569020,1565593920
2019-08-13,1565733846,150,350,0,1565653800,1565683800
2019-08-14,1565820251,0,0,0,1565647200,1565647200
2019-08-15,1565906652,0,0,0,1565733600,1565733600
2019-08-16,1565994368,85,357,0,1565920020,1565946540
2019-08-17,1566080776,143,341,0,1566005280,1566034320
2019-08-18,1566165726,0,0,0,1565992800,1565992800
2019-08-19,1566414510,85,254,0,1566163260,1566183600
2019-08-20,1566414510,0,0,0,1566162000,1566162000
2019-08-21,1566421691,0,0,0,1566248400,1566248400
2019-08-22,1566508988,0,0,0,1566334800,1566334800
2019-08-23,1566595572,0,0,0,1566421200,1566421200
2019-08-24,1566681969,0,0,0,1566507600,1566507600
2019-08-25,1566768549,0,0,0,1566594000,1566594000
2019-08-26,1566854054,0,0,0,1566680400,1566680400
2019-08-27,1567007230,0,0,0,1566766800,1566766800
2019-08-28,1567055828,0,0,0,1566853200,1566853200
2019-08-29,1567143547,0,0,0,1566939600,1566939600
2019-08-30,1567263246,0,0,0,1567026000,1567026000
2019-08-31,1567285836,0,0,0,1567112400,1567112400
2019-09-01,1567376113,70,268,0,1567290120,1567310400
2019-09-02,1567466171,0,0,0,1567288800,1567288800
2019-09-03,1567548318,0,0,0,1567375200,1567375200
2019-09-04,1567635493,0,0,0,1567461600,1567461600
2019-09-05,1567722386,0,0,0,1567548000,1567548000
2019-09-06,1567808406,112,265,0,1567726920,1567749540
2019-09-07,1567929733,157,335,0,1567808280,1567837800
2019-09-08,1567980130,67,260,0,1567906380,1567926000
2019-09-09,1568067658,82,283,0,1567995180,1568017080
2019-09-10,1568184485,68,290,0,1568073900,1568095380
2019-09-11,1568283134,69,247,0,1568162640,1568181600
2019-09-12,1568326993,0,0,0,1568152800,1568152800
2019-09-13,1568487848,0,0,0,1568239200,1568239200
2019-09-14,1568533086,0,0,0,1568325600,1568325600
2019-09-15,1568618874,0,0,0,1568412000,1568412000
2019-09-16,1568672948,0,0,0,1568498400,1568498400
2019-09-17,1568804946,0,0,0,1568584800,1568584800
2019-09-18,1568844608,0,0,0,1568671200,1568671200
2019-09-19,1568971375,0,0,0,1568757600,1568757600
2019-09-20,1569016987,0,0,0,1568844000,1568844000
2019-09-21,1569141371,0,0,0,1568930400,1568930400
2019-09-22,1569224347,0,0,0,1569016800,1569016800
2019-09-23,1569311173,0,0,0,1569103200,1569103200
2019-09-24,1569365528,241,185,0,1569283980,1569309540
2019-09-25,1569483374,134,218,0,1569367200,1569388320
2019-09-26,1569535681,106,294,0,1569451800,1569475800
2019-09-27,1569657891,61,366,0,1569538080,1569563700
2019-09-28,1569708055,81,331,0,1569630480,1569655200
2019-09-29,1569796174,174,315,0,1569711660,1569741000
2019-09-30,1569917758,73,350,0,1569802500,1569827880
2019-10-01,1569967434,116,296,66,1569892080,1569920760
2019-10-02,1570095671,173,270,0,1569975420,1570002000
2019-10-03,1570143333,132,337,0,1570061340,1570089480
2019-10-04,1570232530,149,399,0,1570147080,1570179960
2019-10-05,1570313450,108,319,0,1570237980,1570263600
2019-10-06,1570399918,205,337,0,1570320300,1570352820
2019-10-07,1570543180,65,251,0,1570411140,1570430100
2019-10-08,1570573827,153,244,0,1570488900,1570512720
2019-10-09,1570664601,117,280,0,1570578780,1570602600
2019-10-10,1570786152,92,282,0,1570666560,1570689000
2019-10-11,1570868444,167,252,0,1570749240,1570774380
2019-10-12,1570961960,119,293,0,1570839480,1570864200
2019-10-13,1571005220,123,332,0,1570929120,1570956420
2019-10-14,1571091982,88,384,0,1571014500,1571042820
2019-10-15,1571263068,173,286,0,1571098200,1571125740
2019-10-16,1571264849,202,280,0,1571180280,1571209200
2019-10-17,1571389444,97,319,0,1571275620,1571300580
2019-10-18,1571437492,147,336,0,1571358600,1571387580
2019-10-19,1571523780,103,387,0,1571448120,1571477520
2019-10-20,1571612724,107,313,0,1571537580,1571562780
2019-10-21,1571740436,77,277,0,1571616960,1571638200
2019-10-22,1571782150,188,259,0,1571704620,1571731440
2019-10-23,1571868749,163,283,0,1571787600,1571814360
2019-10-24,1572013257,0,0,0,1571781600,1571781600
2019-10-25,1572040835,215,304,0,1571962020,1571993160
2019-10-26,1572128631,61,409,0,1572050880,1572079080
2019-10-27,1572220474,109,419,0,1572136500,1572168180
2019-10-28,1572350302,40,245,0,1572227700,1572244800
2019-10-29,1572391525,164,385,0,1572304800,1572337740
2019-10-30,1572477275,128,277,0,1572399960,1572424260
2019-10-31,1572573997,161,400,0,1572482460,1572516120
2019-11-01,1572650326,149,324,0,1572573780,1572602160
2019-11-02,1572737592,106,329,0,1572654060,1572680160
2019-11-03,1572822579,104,302,0,1572751260,1572775620
2019-11-04,1572935695,105,430,0,1572828600,1572860700
2019-11-05,1573039585,96,210,0,1572916140,1572934500
2019-11-06,1573081669,136,364,0,1573006200,1573036200
2019-11-07,1573176771,112,414,0,1573095360,1573126920
2019-11-08,1573255340,99,193,2,1573177620,1573195260
2019-11-09,1573342208,131,407,0,1573263660,1573295940
2019-11-10,1573428610,80,374,0,1573353360,1573380600
2019-11-11,1573561401,120,263,0,1573436820,1573459800
2019-11-12,1573599778,89,376,0,1573525680,1573553580
2019-11-13,1573688102,72,250,0,1573609560,1573628880
2019-11-14,1573772662,143,296,0,1573699620,1573725960
2019-11-15,1573859051,105,363,0,1573788000,1573816080
2019-11-16,1573945520,131,151,0,1573874220,1573891140
2019-11-17,1574032956,188,327,0,1573958460,1573989360
2019-11-18,1574129470,101,319,0,1574041500,1574066700
2019-11-19,1574249672,0,0,0,1574031600,1574031600
2019-11-20,1574301728,175,501,0,1574206380,1574246940
2019-11-21,1574377867,70,148,0,1574305320,1574318400
2019-11-22,1574505305,241,353,0,1574387400,1574423040
2019-11-23,1574671975,123,291,53,1574477280,1574505300
2019-11-24,1574671975,213,217,0,1574561520,1574587320
2019-11-25,1574724546,134,414,0,1574639760,1574672640
2019-11-26,1574809807,145,384,0,1574732220,1574763960
2019-11-27,1574895967,128,264,0,1574820480,1574844000
2019-11-28,1574983146,135,269,0,1574907360,1574931600
2019-11-29,1575069186,76,347,0,1574997660,1575023040
2019-11-30,1575165487,102,224,0,1575081840,1575101400
2019-12-01,1575241686,229,278,0,1575166200,1575196620
2019-12-02,1575328146,152,327,0,1575257640,1575286380
2019-12-03,1575415386,87,199,0,1575340860,1575358020
2019-12-04,1575977229,204,319,0,1575419520,1575450900
2019-12-05,1575977231,104,297,0,1575511560,1575535620
2019-12-06,1575977230,157,374,0,1575598080,1575629940
2019-12-07,1575977228,104,232,0,1575687960,1575708120
2019-12-08,1575977228,139,403,0,1575773820,1575806340
2019-12-09,1575977229,138,233,0,1575857640,1575879900
2019-12-10,1576020966,262,308,0,1575939180,1575973380
2019-12-11,1576107060,88,340,0,1576030980,1576056660
2019-12-12,1576192326,0,0,0,1576018800,1576018800
2019-12-13,1576278012,162,309,2,1576204020,1576232400
2019-12-14,1576365727,68,138,0,1576284840,1576297200
2019-12-15,1576452127,284,378,2,1576355760,1576395600
2019-12-16,1576538408,202,284,0,1576451580,1576480740
2019-12-17,1576623669,180,280,3,1576541400,1576569180
2019-12-18,1576711507,200,299,0,1576630260,1576660200
2019-12-19,1576977995,176,185,0,1576723020,1576744680
2019-12-20,1576977996,259,227,0,1576809360,1576838520
2019-12-21,1576977996,176,211,0,1576900080,1576923300
2019-12-22,1577379433,123,386,24,1576977300,1577009280
2019-12-23,1577379434,107,348,0,1577067480,1577094780
2019-12-24,1577379434,216,358,0,1577153880,1577188320
2019-12-25,1577379433,0,0,0,1577134800,1577134800
2019-12-26,1577395009,0,0,0,1577221200,1577221200
2019-12-27,1577481667,263,215,80,1577402100,1577435580
2019-12-28,1577568067,56,214,0,1577490000,1577506200
2019-12-29,1577653384,124,350,0,1577573220,1577601660
2019-12-30,1577740027,110,477,0,1577657460,1577692680
2019-12-31,1577834427,0,0,0,1577653200,1577653200
2020-01-01,1577913254,0,0,0,1577739600,1577739600
2020-01-02,1577999647,123,338,0,1577922240,1577949900
2020-01-03,1578169628,101,256,0,1578014100,1578035520
2020-01-04,1578173231,177,329,16,1578093660,1578124980
2020-01-05,1578603457,74,138,0,1578190080,1578202800
2020-01-06,1578603457,80,274,0,1578277200,1578298440
2020-01-07,1578603458,254,370,38,1578352380,1578392100
2020-01-08,1578603458,124,351,0,1578446460,1578474960
2020-01-09,1578612368,176,338,0,1578531060,1578561900
2020-01-10,1578698766,82,375,0,1578620880,1578648300
2020-01-11,1578785287,124,333,0,1578709020,1578736440
2020-01-12,1578871566,100,396,0,1578789960,1578819720
2020-01-13,1578957187,126,323,0,1578882660,1578909600
2020-01-14,1579043287,75,450,5,1578966600,1578998400
2020-01-15,1579129688,160,386,0,1579049400,1579082160
2020-01-16,1579215904,174,278,0,1579143720,1579170840
2020-01-17,1579302301,120,290,0,1579228500,1579253100
2020-01-18,1579388709,154,306,0,1579313640,1579341240
2020-01-19,1579476063,165,371,0,1579401480,1579433640
2020-01-20,1579562487,0,0,0,1579388400,1579388400
2020-01-21,1579648863,302,409,0,1579547760,1579590420
2020-01-22,1579799313,78,421,0,1579653660,1579683600
2020-01-23,1579822143,158,400,0,1579737540,1579771020
2020-01-24,1579906802,36,140,0,1579831080,1579841640
2020-01-25,1579993203,186,326,0,1579914900,1579945620
2020-01-26,1580083477,118,271,0,1580007960,1580031300
2020-01-27,1580166010,167,320,0,1580089200,1580118420
2020-01-28,1580253421,134,372,0,1580172480,1580202840
2020-01-29,1580340253,107,318,0,1580260140,1580285640
2020-01-30,1580673003,106,323,0,1580351640,1580377380
2020-01-31,1580673003,133,251,0,1580437920,1580460960
2020-02-01,1580673004,129,333,41,1580527140,1580557320
2020-02-02,1580684703,76,143,0,1580616960,1580630100
2020-02-03,1581027739,132,296,0,1580692560,1580718240
2020-02-04,1581027739,90,325,0,1580782800,1580807700
2020-02-05,1581027740,126,349,0,1580865000,1580893500
2020-02-06,1581030002,152,285,0,1580951520,1580977740
2020-02-07,1581116401,114,344,0,1581038520,1581066000
2020-02-08,1581202801,144,352,0,1581128580,1581158340
2020-02-09,1581289742,122,329,0,1581213960,1581241020
2020-02-10,1581376154,93,333,0,1581298200,1581323760
2020-02-11,1581462966,178,314,0,1581380820,1581410340
2020-02-12,1581610561,137,281,0,1581473400,1581498480
2020-02-13,1581635761,79,243,0,1581559920,1581579240
2020-02-14,1581722167,140,392,0,1581642300,1581674220
2020-02-15,1581809405,73,243,0,1581739080,1581758040
2020-02-16,1581895146,199,546,0,1581796080,1581840780
2020-02-17,1581981303,90,346,0,1581904860,1581931020
2020-02-18,1582067704,84,264,0,1581991620,1582012500
2020-02-19,1582154343,188,286,2,1582076280,1582104840
2020-02-20,1582240443,175,307,0,1582161900,1582190820
2020-02-21,1582326121,88,287,0,1582254060,1582276560
2020-02-22,1582460895,67,241,0,1582346880,1582365360
2020-02-23,1582648987,139,337,0,1582416780,1582445340
2020-02-24,1582648988,125,279,0,1582508760,1582533000
2020-02-25,1582795917,169,311,0,1582585680,1582614480
2020-02-26,1582795917,30,373,0,1582676100,1582700280
2020-02-27,1582837862,68,80,0,1582758120,1582767000
2020-02-28,1582924743,189,583,17,1582838820,1582886160
2020-02-29,1583010243,116,134,0,1582937820,1582952820
2020-03-01,1583097620,114,395,0,1583015520,1583046060
2020-03-02,1583191503,36,184,0,1583121540,1583134740
2020-03-03,1583277365,161,359,0,1583188740,1583219940
2020-03-04,1583363464,203,368,0,1583275140,1583309400
2020-03-05,1583450762,116,254,0,1583369460,1583391660
2020-03-06,1583537164,128,374,0,1583452440,1583482560
2020-03-07,1583622723,141,336,0,1583542860,1583571480
2020-03-08,1583829316,69,356,0,1583632560,1583658060
2020-03-09,1583829316,142,324,0,1583713140,1583741100
2020-03-10,1583881444,103,293,2,1583804460,1583828340
2020-03-11,1583969940,115,323,0,1583892240,1583918520
2020-03-12,1584054485,139,392,0,1583974200,1584006060
2020-03-13,1584185364,66,296,0,1584073920,1584095640
2020-03-14,1584227841,0,0,0,1584054000,1584054000
2020-03-15,1584494097,97,321,0,1584238920,1584264000
2020-03-16,1584494097,84,396,0,1584320760,1584349560
2020-03-17,1584494097,194,365,22,1584407400,1584442260
2020-03-18,1584572882,106,336,0,1584497100,1584523620
2020-03-19,1584659583,88,199,0,1584589980,1584607200
2020-03-20,1584746605,128,406,0,1584666780,1584698820
2020-03-21,1584832683,134,298,0,1584756780,1584782700
2020-03-22,1584919088,170,375,0,1584838320,1584871020
2020-03-23,1585037583,182,239,0,1584926940,1584952200
2020-03-24,1585092182,0,0,0,1584918000,1584918000
2020-03-25,1585180201,159,311,0,1585098420,1585126620
2020-03-26,1585264201,148,376,0,1585183440,1585214880
2020-03-27,1585352241,70,421,0,1585276800,1585306260
2020-03-28,1585437424,151,225,0,1585367700,1585390260
2020-03-29,1585520809,192,291,75,1585451220,1585484700
2020-03-30,1586093113,162,318,95,1585538160,1585572660
2020-03-31,1586093113,69,211,0,1585621200,1585638000
2020-04-01,1586093110,167,394,0,1585697880,1585731540
2020-04-02,1586093111,77,252,0,1585786080,1585805820
2020-04-03,1586093111,108,213,0,1585878780,1585898040
2020-04-04,1586093112,130,402,48,1585958220,1585993020
2020-04-05,1586304065,136,252,0,1586051220,1586074500
2020-04-06,1586304065,214,232,0,1586134980,1586161740
2020-04-07,1586304065,176,296,0,1586217300,1586245620
2020-04-08,1586383201,140,341,0,1586306580,1586335440
2020-04-09,1586471374,124,271,0,1586395500,1586419200
2020-04-10,1586556607,105,298,0,1586482500,1586506680
2020-04-11,1586644064,162,286,0,1586566260,1586593140
2020-04-12,1586729822,126,364,0,1586654820,1586684220
2020-04-13,1586815742,223,241,0,1586739480,1586767320
2020-04-14,1586902203,104,337,0,1586823720,1586850180
2020-04-15,1586988866,128,357,0,1586910600,1586939700
2020-04-16,1587076143,142,291,0,1587002760,1587028740
2020-04-17,1587161187,107,239,0,1587085740,1587106500
2020-04-18,1587248822,119,344,0,1587172500,1587200280
2020-04-19,1587335162,257,257,0,1587252900,1587283740
2020-04-20,1587420082,107,334,0,1587343080,1587369540
2020-04-21,1587507183,61,326,0,1587431580,1587454800
2020-04-22,1587593582,172,290,0,1587515640,1587543360
2020-04-23,1587679322,131,350,0,1587602700,1587631560
2020-04-24,1587766984,108,259,0,1587692820,1587714840
2020-04-25,1587853743,83,340,0,1587777060,1587802440
2020-04-26,1587939663,133,356,0,1587870240,1587899580
2020-04-27,1588024880,105,276,0,1587946680,1587969540
2020-04-28,1588112043,127,293,0,1588037040,1588062240
2020-04-29,1588199077,133,456,0,1588118220,1588153560
2020-04-30,1588285442,73,411,0,1588209720,1588238760
2020-05-01,1588370958,106,345,2,1588299840,1588327020
2020-05-02,1588457822,179,249,24,1588387440,1588414560
2020-05-03,1588544163,157,340,2,1588468500,1588498440
2020-05-04,1588632781,0,0,0,1588456800,1588456800
2020-05-05,1588717383,93,309,22,1588651200,1588676640
2020-05-06,1588802523,83,301,0,1588730340,1588753380
2020-05-07,1588889941,165,401,0,1588811580,1588845540
2020-05-08,1588977458,144,278,0,1588901040,1588926360
2020-05-09,1589068136,121,333,0,1588970220,1588997460
2020-05-10,1589148602,0,0,0,1588975200,1588975200
2020-05-11,1589235003,149,321,0,1589156100,1589184300
2020-05-12,1589321162,147,267,0,1589245080,1589269920
2020-05-13,1589408174,236,396,16,1589320860,1589359740
2020-05-14,1589494562,86,403,0,1589418960,1589448300
2020-05-15,1589581382,46,366,0,1589506620,1589531340
2020-05-16,1589667787,185,333,0,1589585100,1589616180
2020-05-17,1589752801,137,270,0,1589681340,1589705760
2020-05-18,1589839381,112,387,0,1589763060,1589793000
2020-05-19,1589925841,110,321,0,1589852820,1589878680
2020-05-20,1590013567,103,354,0,1589937600,1589965020
2020-05-21,1590099785,0,0,0,1589925600,1589925600
2020-05-22,1590184863,157,418,0,1590106800,1590141300
2020-05-23,1590272910,166,345,0,1590194520,1590225180
2020-05-24,1590357901,97,282,0,1590291000,1590313740
2020-05-25,1590445202,238,203,0,1590375360,1590401820
2020-05-26,1590530531,71,346,0,1590460800,1590485820
2020-05-27,1590617584,107,286,0,1590546300,1590569880
2020-05-28,1590704703,122,355,0,1590631320,1590659940
2020-05-29,1590790803,74,279,0,1590723720,1590744900
2020-05-30,1590876122,105,362,0,1590803100,1590831120
2020-05-31,1590962824,78,60,0,1590887100,1590895380
2020-06-01,1591050008,0,0,0,1590876000,1590876000
2020-06-02,1591136707,204,484,0,1591047840,1591089120
2020-06-03,1591222742,135,422,0,1591141080,1591174500
2020-06-04,1591308002,206,309,0,1591227360,1591258260
2020-06-05,1591395001,123,379,0,1591312320,1591342440
2020-06-06,1591431723,148,386,0,1591399680,1591431720
2020-06-07,1591482480,0,0,0,1591394400,1591394400
2020-06-08,0,0,0,0,0,0
2020-06-09,1591711084,0,0,0,1591567200,1591567200
2020-06-10,0,0,0,0,0,0
2020-06-11,0,0,0,0,0,0
2020-06-12,0,0,0,0,0,0
2020-06-13,1592088768,0,0,0,1591912800,1591912800
2020-06-14,1592172787,0,0,0,1591999200,1591999200
2020-06-15,1592259181,254,319,78,1592180580,1592219640
2020-06-16,1592345342,131,258,0,1592264280,1592287620
2020-06-17,1592431322,84,256,0,1592351940,1592372340
2020-06-18,1592517783,231,177,3,1592440560,1592465220
2020-06-19,1592605203,196,274,0,1592523060,1592551260
2020-06-20,1592691842,208,194,0,1592615100,1592639220
2020-06-21,1592777103,161,228,0,1592706600,1592729940
2020-06-22,1592863622,165,249,0,1592788200,1592813040
2020-06-23,1592950802,276,214,0,1592883900,1592913300
2020-06-24,1593036901,326,574,11,1592959740,1593014400
2020-06-25,1593123902,208,276,0,1593045120,1593074160
2020-06-26,1593209163,165,185,0,1593130920,1593151920
2020-06-27,1593295622,222,266,3,1593213900,1593243360
2020-06-28,1593381663,185,255,0,1593302820,1593329220
2020-06-29,1593468667,162,244,3,1593389820,1593414360
2020-06-30,1593555783,132,197,0,1593486180,1593505920
2020-07-01,1593641524,243,260,0,1593559200,1593589380
2020-07-02,1593727924,195,436,0,1593645720,1593683580
2020-07-03,1593814683,101,294,0,1593738600,1593762300
2020-07-04,1593900782,190,244,3,1593819780,1593846000
2020-07-05,1593986585,0,0,0,1593813600,1593813600
2020-07-06,1594073342,147,272,0,1593994500,1594019640
2020-07-07,1594160523,0,0,0,1593986400,1593986400
2020-07-08,1594245663,0,0,0,1594072800,1594072800
2020-07-09,1594332605,172,414,59,1594253520,1594292220
2020-07-10,1594419002,197,224,0,1594341180,1594366440
2020-07-11,1594505402,218,230,0,1594429560,1594456440
2020-07-12,1594593602,228,287,0,1594512900,1594543800
2020-07-13,1594678743,149,272,46,1594602240,1594630260
2020-07-14,1594765622,172,209,3,1594691760,1594714800
2020-07-15,1594852143,242,305,0,1594771860,1594804680
2020-07-16,1594938603,0,0,0,1594764000,1594764000
2020-07-17,1595024041,196,467,3,1594942800,1594982760
2020-07-18,1595110141,206,275,3,1595031780,1595060820
2020-07-19,1595196541,164,155,3,1595124420,1595143740
2020-07-20,1595284142,219,223,0,1595205360,1595231880
2020-07-21,1595372340,147,143,0,1595301660,1595319060
2020-07-22,1595455681,222,232,0,1595381580,1595408820
2020-07-23,1595542133,219,318,0,1595462940,1595495160
2020-07-24,1595628663,214,276,0,1595550180,1595579580
2020-07-25,1595716624,229,252,0,1595634840,1595663700
2020-07-26,1595801406,139,263,3,1595729640,1595753940
2020-07-27,1595887443,155,244,0,1595809140,1595833080
2020-07-28,1595974441,169,405,0,1595888580,1595923020
2020-07-29,1596060363,195,189,0,1595984160,1596007200
2020-07-30,1596147662,102,195,0,1596075840,1596093660
2020-07-31,1596237242,203,370,0,1596148200,1596182580
2020-08-01,1596320582,225,246,0,1596237480,1596265740
2020-08-02,1596407352,184,263,0,1596329280,1596356100
2020-08-03,1596493741,163,190,0,1596421260,1596442440
2020-08-04,1596579961,221,314,0,1596499500,1596531600
2020-08-05,1596761821,199,266,9,1596587280,1596615720
2020-08-06,1596761822,247,248,0,1596675120,1596704820
2020-08-07,1596891531,170,259,0,1596767880,1596793620
2020-08-08,1596924360,153,253,3,1596849480,1596874020
2020-08-09,1597012143,241,310,78,1596932220,1596969960
2020-08-10,1597097941,161,205,0,1597026300,1597048260
2020-08-11,1597187297,229,197,0,1597105320,1597130880
2020-08-12,1597270081,141,226,0,1597190700,1597212720
2020-08-13,1597356483,35,54,0,1597283880,1597289220
