date,lastSyncTime,steps,distance,runDistance,calories
2016-04-27,1461794594,4948,3242,46,281
2016-04-28,1461910351,16573,12060,79,751
2016-04-29,1461969057,18002,12916,29,737
2016-04-30,1462058218,4126,2981,11,207
2016-05-01,1462206634,3869,2651,0,244
2016-05-02,1462280050,10004,7330,0,426
2016-05-03,1462370540,14565,11022,55,616
2016-05-04,1462459867,6295,4341,0,315
2016-05-05,1462506734,12424,10207,2968,587
2016-05-06,1462652669,7964,5736,209,345
2016-05-07,1462701041,9518,7071,0,456
2016-05-08,1462828892,4088,3119,0,197
2016-05-09,1462876639,1958,1266,0,134
2016-05-10,1462971585,4534,2974,48,270
2016-05-11,1463051777,2569,1661,0,198
2016-05-12,1463153519,10398,7728,64,500
2016-05-13,1463568036,4276,2809,0,251
2016-05-14,1463568035,4591,3314,0,264
2016-05-15,1463568036,3164,2094,0,190
2016-05-16,1463568038,5880,4415,46,253
2016-05-17,1463568037,2499,1615,0,135
2016-05-18,1463742333,7824,5584,65,387
2016-05-19,1463742334,9053,6697,18,431
2016-05-20,1464201731,12367,8560,110,614
2016-05-21,1464201731,11307,8250,0,454
2016-05-22,1464201732,1531,990,0,119
2016-05-23,1464201733,2585,1671,0,165
2016-05-24,1464201734,12141,8997,106,529
2016-05-25,1464334882,9159,6433,399,455
2016-05-26,1464334883,15682,11175,133,667
2016-05-27,1464443079,16859,11675,698,698
2016-05-28,1464614886,1480,957,0,108
2016-05-29,1464614885,19521,13842,43,805
2016-05-30,1464711829,4950,3603,0,214
2016-05-31,1465061235,3575,2313,0,239
2016-06-01,1465061235,11677,8641,0,535
2016-06-02,1465061233,3755,2918,0,187
2016-06-03,1465061233,5117,3402,49,245
2016-06-04,1465325549,5896,3947,0,311
2016-06-05,1465325547,3294,2129,0,205
2016-06-06,1465325548,7644,5372,0,366
2016-06-07,1465481793,9196,6306,0,434
2016-06-08,1465481793,11668,8231,0,482
2016-06-09,1465660905,4698,3037,19,290
2016-06-10,1465660906,13407,9340,58,631
2016-06-11,1465768493,10886,7569,137,491
2016-06-12,1466158842,3912,2529,22,248
2016-06-13,1466158841,9188,6839,0,381
2016-06-14,1466158835,5231,3502,107,280
2016-06-15,1466158836,13878,10191,82,603
2016-06-16,1466158837,11051,7398,11,483
2016-06-17,1466286053,8004,5495,110,412
2016-06-18,1466352842,30386,21052,567,1104
2016-06-19,1466376290,37375,26057,277,1333
2016-06-20,1466544650,26579,18860,240,1015
2016-06-21,1466632442,29694,21190,122,1114
2016-06-22,1466682098,23866,16846,180,861
2016-06-23,1467294711,30013,21454,0,1051
2016-06-24,1467294710,21101,14760,53,889
2016-06-25,1467294711,22026,15974,2310,855
2016-06-26,1467294712,1895,1225,0,133
2016-06-27,1467294712,7038,4929,119,418
2016-06-28,1467294715,13270,9506,79,608
2016-06-29,1467294713,9896,6819,106,456
2016-06-30,1467470632,13112,8948,660,590
2016-07-01,1467470632,15140,10834,168,647
2016-07-02,1467553543,2522,1630,0,204
2016-07-03,1467629973,10103,7013,113,466
2016-07-04,1467696878,20349,14639,888,796
2016-07-05,1467834985,9983,7257,269,442
2016-07-06,1467916294,20540,14902,371,799
2016-07-07,1468090895,7053,5149,581,352
2016-07-08,1468090897,4499,2980,0,229
2016-07-09,1468271269,5678,4233,57,293
2016-07-10,1468271267,11777,8557,58,464
2016-07-11,1468271268,3154,2159,55,206
2016-07-12,1468360040,20699,14186,81,778
2016-07-13,1468496778,16828,11917,65,705
2016-07-14,1468616074,14564,10617,46,629
2016-07-15,1468780096,27465,19750,205,1168
2016-07-16,1468780095,7126,5318,0,345
2016-07-17,1468865710,3530,2424,0,222
2016-07-18,1468992168,19395,13484,749,893
2016-07-19,1468992167,22027,16025,285,932
2016-07-20,1469558043,14825,10500,128,618
2016-07-21,1469558044,28426,20409,1177,1151
2016-07-22,1469558040,21696,15552,444,918
2016-07-23,1469558040,821,531,0,80
2016-07-24,1469558041,11925,8904,49,533
2016-07-25,1469558041,19729,13917,377,855
2016-07-26,1469594487,24865,17352,578,1024
2016-07-27,1469881405,17319,12215,355,817
2016-07-28,1469881404,22108,15701,203,938
2016-07-29,1469881404,27582,19790,276,1122
2016-07-30,1470058559,13132,9147,83,589
2016-07-31,1470058555,16795,11847,109,652
2016-08-01,1470336564,27038,19214,194,1160
2016-08-02,1470336563,14171,9976,171,585
2016-08-03,1470336564,11759,8512,447,515
2016-08-04,1470414910,22070,15257,508,940
2016-08-05,1470516445,14260,10770,244,628
2016-08-06,1470717583,11559,7930,110,563
2016-08-07,1470717583,12764,8931,33,496
2016-08-08,1470717582,27581,19889,2122,1171
2016-08-09,1470940326,26044,18875,642,1055
2016-08-10,1470940325,12709,9274,97,550
2016-08-11,1471459587,12728,8866,435,527
2016-08-12,1471459588,20143,14325,530,857
2016-08-13,1471459591,8596,5886,34,412
2016-08-14,1471459590,8501,6015,22,421
2016-08-15,1471459590,14931,11065,463,676
2016-08-16,1471459589,11955,8657,471,524
2016-08-17,1472157187,17636,12686,658,765
2016-08-18,1472157188,15932,11402,415,732
2016-08-19,1472157187,18123,12706,522,778
2016-08-20,1472157183,5026,3751,0,222
2016-08-21,1472157184,9142,6742,0,469
2016-08-22,1472157184,19683,13857,226,852
2016-08-23,1472157185,21144,14729,857,855
2016-08-24,1472157186,15255,10720,333,749
2016-08-25,1472248799,18885,13489,636,860
2016-08-26,1472248800,12161,7894,278,613
2016-08-27,1472475499,3785,2500,0,240
2016-08-28,1472475499,2500,1643,68,178
2016-08-29,1472849900,13106,9558,503,578
2016-08-30,1472849901,12277,9246,433,523
2016-08-31,1472849902,11645,8758,697,495
2016-09-01,1472849901,16011,11113,278,790
2016-09-02,1472849957,21420,16047,113,946
2016-09-03,0,0,0,0,0
2016-09-04,0,0,0,0,0
2016-09-05,0,0,0,0,0
2016-09-06,0,0,0,0,0
2016-09-07,0,0,0,0,0
2016-09-08,0,0,0,0,0
2016-09-09,0,0,0,0,0
2016-09-10,0,0,0,0,0
2016-09-11,1473921275,12045,9011,393,553
2016-09-12,1473921274,15082,11275,700,679
2016-09-13,1473921274,21065,15026,1418,881
2016-09-14,1473921273,12903,9436,1760,548
2016-09-15,1474242051,28063,20747,584,1197
2016-09-16,1474242049,19197,14346,128,811
2016-09-17,1474242052,12004,8640,372,544
2016-09-18,1474242052,8219,5740,778,416
2016-09-19,1474350138,19781,14387,2499,833
2016-09-20,1474464746,27085,19665,2344,1067
2016-09-21,1474538246,30265,21630,2662,1311
2016-09-22,1474950789,14753,10554,1575,652
2016-09-23,1474950790,11071,7738,1723,575
2016-09-24,1474950791,1244,804,0,102
2016-09-25,1474950791,17736,12438,754,790
2016-09-26,1474950790,26795,20174,475,1124
2016-09-27,1475392099,13561,10107,738,622
2016-09-28,1475392096,16191,11283,310,806
2016-09-29,1475392090,18566,13080,1284,892
2016-09-30,1475392102,14748,10758,1452,646
2016-10-01,1475392097,7404,5374,145,358
2016-10-02,1475392100,145,94,0,7
2016-10-03,0,0,0,0,0
2016-10-04,0,0,0,0,0
2016-10-05,0,0,0,0,0
2016-10-06,0,0,0,0,0
2016-10-07,0,0,0,0,0
2016-10-08,0,0,0,0,0
2016-10-09,1476113929,10575,7929,311,403
2016-10-10,1476543130,15274,11166,4765,651
2016-10-11,1476543132,15986,11509,1616,721
2016-10-12,1476543133,23345,16446,1348,1060
2016-10-13,1476543131,23901,16759,2219,1062
2016-10-14,1476543131,15237,11413,846,605
2016-10-15,1477241719,4352,3278,41,231
2016-10-16,1477118455,5291,3518,234,333
2016-10-17,1477118451,8547,6132,957,377
2016-10-18,1477118453,17119,12351,169,800
2016-10-19,1477118456,25874,18919,310,1141
2016-10-20,1477118449,21677,15214,1035,990
2016-10-21,1477118450,22065,16156,1547,921
2016-10-22,1477241720,6318,4711,57,315
2016-10-23,1477308447,17824,13232,83,678
2016-10-24,1477512553,14187,10112,2132,343
2016-10-25,1477512554,18272,12947,793,439
2016-10-26,1477586807,15063,11494,296,413
2016-10-27,1477602344,12390,9318,523,328
2016-10-28,1477774329,14532,10579,1478,362
2016-10-29,1477858663,11376,7955,1894,281
2016-10-30,1478468686,14737,10940,173,360
2016-10-31,1478468685,13436,9982,1191,359
2016-11-01,1478468685,30190,22446,1763,753
2016-11-02,1478468684,16513,12126,1074,412
2016-11-03,1478468684,19682,14068,640,466
2016-11-04,1478468683,2207,1427,0,61
2016-11-05,1478468683,3443,2225,0,93
2016-11-06,1478468687,9662,7195,170,248
2016-11-07,1478727361,13192,9757,1242,340
2016-11-08,1478727360,18606,13315,1349,450
2016-11-09,1478727362,17586,13037,838,455
2016-11-10,1479751003,21344,15312,1995,509
2016-11-11,1480413222,16311,11851,1304,417
2016-11-12,1480413251,9921,7326,1359,267
2016-11-13,1480413259,6737,4961,266,187
2016-11-14,1480413278,13734,10222,385,356
2016-11-15,1480413362,11587,8409,1856,295
2016-11-16,1480413294,12303,8881,2142,298
2016-11-17,1480413311,15141,10504,948,353
2016-11-18,1480413326,11619,8564,79,293
2016-11-19,1480413350,17816,13346,198,436
2016-11-20,1480413340,4327,3069,415,108
2016-11-21,1480413418,14434,10803,515,373
2016-11-22,1480413464,12083,8972,282,313
2016-11-23,1481003828,23947,17500,6134,602
2016-11-24,1481185468,19426,13863,1949,467
2016-11-25,1481003690,8535,6323,353,226
2016-11-26,1481003731,12832,9357,1096,324
2016-11-27,1480413401,1240,802,0,39
2016-11-28,1480413416,12886,9291,2872,336
2016-11-29,1481403650,15865,11395,4338,394
2016-11-30,1481185629,10835,7151,177,232
2016-12-01,1481185552,10000,7076,2384,248
2016-12-02,1481403652,22077,16118,6087,565
2016-12-03,1481403652,10512,7575,2097,263
2016-12-04,1481403651,3333,2291,70,88
2016-12-05,1481185688,17520,12353,2353,416
2016-12-06,1481403654,14459,10492,944,350
2016-12-07,1481403653,20565,15305,853,506
2016-12-08,1481403655,24919,18342,336,606
2016-12-09,1481403655,13301,9340,510,304
2016-12-10,1481403654,11995,8053,391,270
2016-12-11,1482603232,4267,2782,86,111
2016-12-12,1482603231,13909,9262,358,291
2016-12-13,1482603234,9744,7005,514,244
2016-12-14,1482603233,18838,13601,889,464
2016-12-15,1482603235,13645,9984,1534,340
2016-12-16,1482603256,22452,15995,2340,528
2016-12-17,1482603381,10979,7878,1262,264
2016-12-18,1482603381,19452,14814,0,495
2016-12-19,1482603383,13637,9741,2870,344
2016-12-20,1482603235,27032,19965,951,657
2016-12-21,1482603236,20437,14434,1647,482
2016-12-22,1482603236,12226,8799,677,292
2016-12-23,1482603237,21049,15788,1184,532
2016-12-24,1482751771,12603,9173,900,309
2016-12-25,1482751773,2753,1895,47,75
2016-12-26,1483043340,15457,10820,1769,352
2016-12-27,1483043342,20188,14165,1510,455
2016-12-28,1483043341,11157,8228,707,285
2016-12-29,1483385714,13039,9461,1333,310
2016-12-30,1483390956,16310,11830,4583,418
2016-12-31,1483385747,6426,4465,349,153
2017-01-01,1483385765,805,520,0,23
2017-01-02,1483390998,828,535,0,26
2017-01-03,1483551833,22320,16416,3508,570
2017-01-04,1483622527,17713,11524,46,339
2017-01-05,1484244395,6207,4515,224,164
2017-01-06,1484768576,1516,980,0,46
2017-01-07,1484768577,11295,8629,595,313
2017-01-08,1484768578,10440,7407,1935,252
2017-01-09,1484768578,14209,10290,2195,351
2017-01-10,1484768578,11725,8621,606,303
2017-01-11,1484768579,20166,14429,3719,502
2017-01-12,1484768580,23969,17019,3236,558
2017-01-13,1484768581,13294,9576,1157,327
2017-01-14,1484768579,10972,7930,1804,281
2017-01-15,1484768580,14802,10841,1072,359
2017-01-16,1484768582,23473,17310,859,579
2017-01-17,1484768582,14445,10497,230,350
2017-01-18,1485292083,16882,11759,172,379
2017-01-19,1485292083,13698,9166,856,299
2017-01-20,1485292085,17057,12219,808,404
2017-01-21,1485292082,3429,2396,437,94
2017-01-22,1485292083,3269,2122,42,88
2017-01-23,1485292084,13387,9284,430,307
2017-01-24,1485292084,13882,9397,1228,305
2017-01-25,1486066377,5230,3420,99,119
2017-01-26,0,0,0,0,0
2017-01-27,0,0,0,0,0
2017-01-28,0,0,0,0,0
2017-01-29,0,0,0,0,0
2017-01-30,0,0,0,0,0
2017-01-31,0,0,0,0,0
2017-02-01,0,0,0,0,0
2017-02-02,1486122359,55,36,0,2
2017-02-03,1486241821,5912,4146,183,143
2017-02-04,1486487335,834,539,0,25
2017-02-05,1486487335,5984,4231,259,146
2017-02-06,1486487334,9029,6495,789,229
2017-02-07,1486546365,11806,8605,783,293
2017-02-08,1487195749,10917,7834,891,265
2017-02-09,1487195747,9390,7169,113,255
2017-02-10,1487195750,7200,5045,924,174
2017-02-11,1487195749,19223,13597,1732,438
2017-02-12,1487195749,3540,2430,51,87
2017-02-13,1487195752,36318,26544,700,829
2017-02-14,1487195752,26012,18415,134,565
2017-02-15,1487621696,21264,15176,654,479
2017-02-16,1487621696,21099,15291,1183,499
2017-02-17,1487621697,17218,12160,88,373
2017-02-18,0,0,0,0,0
2017-02-19,0,0,0,0,0
2017-02-20,1488021977,20915,15347,258,483
2017-02-21,1488021977,23366,17019,248,549
2017-02-22,1488021979,32974,23637,576,729
2017-02-23,1488021978,6910,4805,550,159
2017-02-24,1488021978,4586,3192,782,119
2017-02-25,1488397406,903,584,0,27
2017-02-26,1488397407,5026,3500,803,131
2017-02-27,1488397406,22002,16204,286,542
2017-02-28,1488397408,20949,15337,302,508
2017-03-01,1488649260,18709,13264,874,435
2017-03-02,1488649259,9121,6764,26,222
2017-03-03,1488649261,23131,16709,482,532
2017-03-04,1489006509,18877,14055,1281,478
2017-03-05,1489006508,2968,2018,0,78
2017-03-06,1489006508,18119,12822,1184,420
2017-03-07,1489006510,8868,6569,615,231
2017-03-08,1489258060,12592,9285,188,300
2017-03-09,1489258059,16910,12835,1451,457
2017-03-10,1489258059,15071,10857,174,353
2017-03-11,1489356412,1146,741,0,34
2017-03-12,1489356411,1231,796,0,37
2017-03-13,1489986289,13076,9675,274,340
2017-03-14,1489986291,25369,17963,2812,588
2017-03-15,1489986291,11828,8189,1360,275
2017-03-16,1489986290,13386,9214,525,301
2017-03-17,1489986290,12221,8615,251,283
2017-03-18,1489986292,2403,1692,26,69
2017-03-19,1489986292,1367,884,0,40
2017-03-20,1490537726,4096,2877,0,106
2017-03-21,1490537728,16099,11437,1150,388
2017-03-22,1490537729,9849,7350,114,264
2017-03-23,1490537729,19111,13907,2577,472
2017-03-24,1490537726,17162,12702,988,415
2017-03-25,1490537724,1161,750,0,33
2017-03-26,1491050335,4920,3611,98,129
2017-03-27,1491050335,10688,7634,2125,261
2017-03-28,1491050336,15290,11081,1339,375
2017-03-29,1491050337,22507,16126,4240,549
2017-03-30,1491050336,14097,9913,2044,333
2017-03-31,1491050335,12988,9305,906,318
2017-04-01,1491406424,7721,5889,372,204
2017-04-02,1491406425,3296,2286,37,86
2017-04-03,1491406428,18924,13724,2281,453
2017-04-04,1491406422,18336,13278,736,432
2017-04-05,1491662801,15375,11484,768,388
2017-04-06,1491662802,20230,15139,248,511
2017-04-07,1491662802,11657,8437,881,281
2017-04-08,1491757009,10972,7939,1403,276
2017-04-09,1492539626,37255,27868,421,894
2017-04-10,1492539627,24167,17392,2293,564
2017-04-11,1492539627,18940,14269,245,487
2017-04-12,1492539630,11702,8894,180,313
2017-04-13,1492539629,12548,9210,1243,312
2017-04-14,1492539630,13242,9695,1072,343
2017-04-15,1492539628,4238,2794,60,100
2017-04-16,1492539629,16954,11974,1041,392
2017-04-17,1492539628,10228,7153,1147,247
2017-04-18,1493067693,11196,7735,399,248
2017-04-19,1493067693,14413,9830,1572,319
2017-04-20,1493067692,6720,4643,702,171
2017-04-21,1493067691,16906,12227,2966,422
2017-04-22,1493067691,32210,23114,234,712
2017-04-23,1493067690,36537,26240,105,793
2017-04-24,1493143547,23665,17251,1190,559
2017-04-25,1493657030,443,286,0,11
2017-04-26,1493657030,22493,16505,3457,555
2017-04-27,1493657029,1154,755,0,28
2017-04-28,1493657029,22243,15974,2306,532
2017-04-29,1493657029,3299,2291,0,83
2017-04-30,1493657028,15212,10782,594,348
2017-05-01,1493657028,977,632,0,26
2017-05-02,0,0,0,0,0
2017-05-03,0,0,0,0,0
2017-05-04,1493936673,171,111,0,4
2017-05-05,1494047164,10750,7361,71,254
2017-05-06,1494170013,12307,8289,42,281
2017-05-07,1494272488,3169,2183,0,83
2017-05-08,1494450767,3887,2825,63,96
2017-05-09,1494450766,3766,2623,0,104
2017-05-10,1494450767,4578,3237,115,123
2017-05-11,1494616387,7143,4817,281,162
2017-05-12,1494867696,13748,10094,188,350
2017-05-13,1494867697,15947,10799,222,357
2017-05-14,1494867697,9360,7207,47,267
2017-05-15,1495052456,5966,4031,272,139
2017-05-16,1495052455,3809,2723,129,104
2017-05-17,1495222445,5900,4033,389,139
2017-05-18,1495222444,9813,6536,63,220
2017-05-19,1495295795,6429,4347,64,148
2017-05-20,1495385675,13506,8932,0,290
2017-05-21,1495485248,3544,2346,0,98
2017-05-22,1495555009,5936,4074,193,146
2017-05-23,1495820791,12618,9195,660,310
2017-05-24,1495820792,17604,12798,512,411
2017-05-25,1495820792,10338,7845,241,270
2017-05-26,1495852363,6952,4849,0,164
2017-05-27,1495987247,26122,18349,293,576
2017-05-28,1496034142,20480,14344,154,454
2017-05-29,1496139254,5272,3607,0,124
2017-05-30,1496250952,10354,7448,479,248
2017-05-31,1496294049,10016,6892,137,221
2017-06-01,1496487628,5778,4001,68,141
2017-06-02,1496487629,4579,3057,167,113
2017-06-03,1496830300,10868,7179,126,235
2017-06-04,1496830321,2234,1457,97,62
2017-06-05,1496830284,3674,2514,126,87
2017-06-06,1496830319,11315,8189,423,269
2017-06-07,1497033480,17788,12788,163,399
2017-06-08,1497033481,5459,3672,166,117
2017-06-09,1497121928,8960,6306,100,214
2017-06-10,1497250776,13480,9480,183,297
2017-06-11,1497250775,19051,13334,98,414
2017-06-12,1497634054,11668,8030,52,250
2017-06-13,1497634055,7808,5219,137,160
2017-06-14,1497634055,5347,4064,0,130
2017-06-15,1497634056,14994,10759,887,356
2017-06-16,1497655867,5108,3457,24,128
2017-06-17,1497776410,17437,11516,164,377
2017-06-18,1497851617,2160,1396,0,60
2017-06-19,1498084492,4657,3314,167,120
2017-06-20,1498084494,4862,3521,342,128
2017-06-21,1498084494,2770,1950,253,75
2017-06-22,1498241339,5164,3535,378,124
2017-06-23,1498252867,5071,3503,297,118
2017-06-24,1498368910,26745,19494,1056,675
2017-06-25,1498490520,14538,10176,740,341
2017-06-26,1498677002,3858,2685,334,98
2017-06-27,1498677001,4713,3361,188,120
2017-06-28,1498880894,5496,3803,311,136
2017-06-29,1498880895,6548,4588,466,160
2017-06-30,1498880895,15384,10372,712,338
2017-07-01,1499027909,10228,6684,678,224
2017-07-02,1499030326,10153,7500,351,267
2017-07-03,1499118814,16628,12517,373,427
2017-07-04,1499280308,18676,14266,469,503
2017-07-05,1499317907,4904,3473,390,120
2017-07-06,1499378829,19022,13515,763,442
2017-07-07,1499595022,5025,3681,419,133
2017-07-08,1499595021,10115,7149,584,259
2017-07-09,1499711524,4262,3279,170,128
2017-07-10,1499885304,2402,1680,249,62
2017-07-11,1499885304,811,561,111,22
2017-07-12,1499971278,2538,1777,228,67
2017-07-13,1500145030,4737,3538,493,132
2017-07-14,1500145030,2710,1880,198,76
2017-07-15,1500233320,14709,9665,959,305
2017-07-16,1500241597,10059,7309,167,237
2017-07-17,1500351508,11211,7929,847,269
2017-07-18,1500808621,2695,1901,377,71
2017-07-19,1500808628,4565,3327,187,120
2017-07-20,1500808623,7260,5154,491,183
2017-07-21,1500808624,14818,9725,1040,305
2017-07-22,1500808626,21404,14668,1072,476
2017-07-23,1500921783,7558,5627,252,188
2017-07-24,1501014678,12012,9154,391,331
2017-07-25,1501047964,8734,5786,500,198
2017-07-26,1501103720,4006,2829,430,107
2017-07-27,1501191305,6238,4450,459,163
2017-07-28,1501325935,17688,12093,904,391
2017-07-29,1501364253,37126,26491,500,828
2017-07-30,1501478546,23826,16986,373,543
2017-07-31,1501564900,7119,5077,434,188
2017-08-01,1501652676,4015,2852,356,107
2017-08-02,1501740710,12065,8364,677,278
2017-08-03,1501879105,2553,1806,307,70
2017-08-04,1501964950,14331,10880,491,384
2017-08-05,1502118804,17125,12100,689,409
2017-08-06,1502118803,4690,3568,185,140
2017-08-07,1502187043,2599,1870,180,66
2017-08-08,1502258151,8692,6165,317,202
2017-08-09,1502394166,13583,10250,376,345
2017-08-10,1502509913,17925,12914,438,428
2017-08-11,1502509914,5911,3923,310,131
2017-08-12,1502653102,17040,11521,832,373
2017-08-13,1502659541,10490,7743,192,261
2017-08-14,1502759139,4005,2684,307,91
2017-08-15,1502863628,5645,4047,404,154
2017-08-16,1503123780,6877,4795,620,176
2017-08-17,1503123778,5650,3881,403,129
2017-08-18,1503123778,9389,6172,676,202
2017-08-19,1503260396,15915,11255,392,362
2017-08-20,1503294509,11850,9021,159,304
2017-08-21,1503375422,5985,4309,215,149
2017-08-22,1503440188,18335,12720,1400,428
2017-08-23,1503566149,2866,1988,366,75
2017-08-24,1503866483,8896,6635,145,237
2017-08-25,1503866482,10408,7107,639,232
2017-08-26,1503866480,17635,12489,463,408
2017-08-27,1503920265,2665,1907,141,70
2017-08-28,1504072425,7802,5555,737,198
2017-08-29,1504072424,4885,3268,391,111
2017-08-30,1504128397,3002,2112,346,80
2017-08-31,1504243328,10176,7529,357,272
2017-09-01,1504370649,3166,2212,221,79
2017-09-02,1504409654,18094,13818,235,462
2017-09-03,1504551779,30841,23002,519,793
2017-09-04,1504596719,8752,5842,657,198
2017-09-05,1504707093,3372,2477,256,95
2017-09-06,1504874441,4600,3111,357,110
2017-09-07,1504874439,5834,3930,509,134
2017-09-08,1504928921,9773,7327,431,275
2017-09-09,1505047938,14669,10141,802,334
2017-09-10,1505280550,4788,3462,206,124
2017-09-11,1505280549,4452,2982,441,111
2017-09-12,1505280551,14137,10283,514,352
2017-09-13,1505336736,10044,6828,613,224
2017-09-14,1505423490,4408,2989,405,101
2017-09-15,1505720271,8603,5997,375,197
2017-09-16,1505720274,30522,20886,350,654
2017-09-17,1505720272,19075,13012,304,407
2017-09-18,1506117544,26213,18221,537,578
2017-09-19,1506117551,25523,18991,280,625
2017-09-20,1506117550,34543,24523,289,784
2017-09-21,1506117549,27355,19258,466,607
2017-09-22,1506117552,18863,13057,225,410
2017-09-23,1506271626,4769,3362,447,123
2017-09-24,1506322381,3292,2215,246,79
2017-09-25,1506436867,6755,4739,569,168
2017-09-26,1506489696,4751,3268,441,116
2017-09-27,1506546564,6485,4477,351,154
2017-09-28,1506768401,5488,3786,366,134
2017-09-29,1506768391,4635,3137,347,102
2017-09-30,1506960356,10977,7458,713,248
2017-10-01,1506960359,6681,4907,213,176
2017-10-02,1507037643,8778,6223,565,216
2017-10-03,1507064690,6915,4748,417,168
2017-10-04,1507182485,5033,3456,319,122
2017-10-05,1507254455,5054,3363,395,117
2017-10-06,1507377324,6362,4298,416,148
2017-10-07,1507494913,9091,6253,460,209
2017-10-08,1507838969,14455,10718,232,350
2017-10-09,1507838968,3367,2361,319,95
2017-10-10,1507838966,6486,4705,417,166
2017-10-11,1507838967,7563,5472,418,200
2017-10-12,1507969717,4392,2999,237,108
2017-10-13,1507969718,5042,3556,386,127
2017-10-14,1508017244,13621,9828,686,340
2017-10-15,1508120238,4616,3465,158,127
2017-10-16,1508497006,7231,4966,548,167
2017-10-17,1508497007,5318,3703,497,138
2017-10-18,1508497005,8963,6247,630,217
2017-10-19,1508497008,15129,10961,638,388
2017-10-20,1508657863,4420,3221,177,116
2017-10-21,1508657856,3414,2293,318,84
2017-10-22,1508880689,15392,11631,527,417
2017-10-23,1508880687,10098,6926,719,232
2017-10-24,1508880689,6357,4302,460,153
2017-10-25,1508997472,6131,4105,518,143
2017-10-26,1509101614,9406,6409,545,217
2017-10-27,1509300548,7649,5282,745,189
2017-10-28,1509300549,2809,1940,266,71
2017-10-29,1509312371,469,303,26,14
2017-10-30,1509602277,8055,5862,739,213
2017-10-31,1509602273,8290,6033,448,220
2017-11-01,1509602277,7222,5229,240,193
2017-11-02,1509768958,3469,2490,205,88
2017-11-03,1509768957,5054,3493,329,122
2017-11-04,1510034370,12440,8736,520,298
2017-11-05,1510034369,542,350,66,16
2017-11-06,1510034369,5090,3815,179,139
2017-11-07,1510423829,3102,2187,175,81
2017-11-08,1510423829,4217,2911,277,104
2017-11-09,1510423828,8765,5924,666,196
2017-11-10,1510423829,8531,6021,458,206
2017-11-11,1510446464,5692,3756,495,130
2017-11-12,1510677882,324,209,82,10
2017-11-13,1510677886,4251,2936,482,105
2017-11-14,1510723970,11415,8582,430,302
2017-11-15,1510868369,3822,2722,242,104
2017-11-16,1510868368,2727,1955,112,76
2017-11-17,1510980931,8457,6228,1093,233
2017-11-18,1511285553,9790,6854,656,242
2017-11-19,1511285552,2394,1781,135,67
2017-11-20,1511285552,4075,2889,219,108
2017-11-21,1511416098,11289,7731,537,254
2017-11-22,1511416098,13383,10198,283,369
2017-11-23,1511560453,6632,4709,301,169
2017-11-24,1511560453,4536,3253,365,119
2017-11-25,1511761838,4204,2838,387,101
2017-11-26,1511761849,9053,6930,208,259
2017-11-27,1511818216,9377,6616,1113,240
2017-11-28,1512053649,7817,5256,632,180
2017-11-29,1512053647,5089,3438,389,126
2017-11-30,1512158428,3702,2593,202,95
2017-12-01,1512294121,8291,5506,537,191
2017-12-02,1512294121,5275,3563,423,122
2017-12-03,1512493237,658,425,72,17
2017-12-04,1512493237,5648,4030,410,146
2017-12-05,1512733036,3628,2565,356,95
2017-12-06,1512733036,4327,2898,514,105
2017-12-07,1512733036,4870,3331,374,122
2017-12-08,1513102136,12568,8771,645,283
2017-12-09,1513102129,4162,2744,326,93
2017-12-10,1513102128,2430,1709,156,61
2017-12-11,1513102138,4813,3463,243,123
2017-12-12,1513173597,13753,10121,436,350
2017-12-13,1513249999,3183,2245,193,78
2017-12-14,1513287119,4000,2813,285,103
2017-12-15,1513412441,10766,7991,167,277
2017-12-16,1513484285,10511,7735,140,256
2017-12-17,1513583890,1901,1401,112,53
2017-12-18,1514123576,6269,4478,99,152
2017-12-19,1514123577,646,418,71,21
2017-12-20,1514123575,2541,1836,162,68
2017-12-21,1514123576,562,363,114,18
2017-12-22,1514123575,10005,7549,381,270
2017-12-23,1514123573,2837,1868,248,69
2017-12-24,1514277419,25469,19348,285,672
2017-12-25,1514277419,307,198,64,11
2017-12-26,1514591146,2164,1495,119,53
2017-12-27,1514591148,10611,8215,181,289
2017-12-28,1514591147,430,278,89,15
2017-12-29,1514591147,1963,1475,99,54
2017-12-30,1514765329,8411,6359,168,233
2017-12-31,1514765342,2632,1893,127,72
2018-01-01,1514861016,690,446,88,22
2018-01-02,1514933849,4145,3187,273,125
2018-01-03,1515062959,1759,1137,234,48
2018-01-04,1515304658,10697,7222,439,247
2018-01-05,1515304651,8593,5770,325,191
2018-01-06,1515304659,635,410,97,18
2018-01-07,1515368077,2743,1886,168,68
2018-01-08,1515445574,671,434,123,20
2018-01-09,1515532143,3083,2251,465,94
2018-01-10,1515618556,685,443,85,22
2018-01-11,1515704803,777,502,170,24
2018-01-12,1515791206,5282,4000,227,150
2018-01-13,1515877615,1549,1127,54,40
2018-01-14,1516103845,7053,5035,321,177
2018-01-15,1516103845,6663,4840,364,174
2018-01-16,1516136845,4705,3292,177,120
2018-01-17,1516223255,3715,2594,151,96
2018-01-18,1516309665,23706,17380,3304,635
2018-01-19,1516396082,844,546,94,23
2018-01-20,1516482511,43,28,8,2
2018-01-21,1517387033,26052,18538,309,605
2018-01-22,1516655476,10567,7994,406,296
2018-01-23,1516766936,8427,5918,509,199
2018-01-24,1516813727,31246,23121,409,744
2018-01-25,1516901936,4258,2807,317,96
2018-01-26,1516991947,16689,12012,412,395
2018-01-27,1517387035,1127,728,78,23
2018-01-28,1517387034,9111,6182,301,191
2018-01-29,1517387036,2531,1642,317,58
2018-01-30,1517387036,4145,2723,264,89
2018-01-31,1517419430,2485,1633,145,59
2018-02-01,1517505844,10731,7376,306,231
2018-02-02,1517592251,3814,2654,272,88
2018-02-03,1517678666,1801,1164,126,40
2018-02-04,1517765079,8889,6296,256,207
2018-02-05,1517926498,2329,1513,224,54
2018-02-06,1517937895,13372,9678,360,335
2018-02-07,1518024308,9698,6606,556,221
2018-02-08,1518110714,18029,13011,275,412
2018-02-09,1518197125,6383,4278,273,145
2018-02-10,1518283540,11154,7679,324,251
2018-02-11,1518369943,8192,5334,532,180
2018-02-12,1518456354,3394,2202,306,84
2018-02-13,1518542761,12591,8857,402,282
2018-02-14,1518629175,19825,13708,697,439
2018-02-15,1518715612,6986,4605,425,156
2018-02-16,1518801991,12846,9151,249,293
2018-02-17,1518890217,6938,4801,313,158
2018-02-18,1518974822,10075,6750,318,214
2018-02-19,1519061245,3224,2084,278,74
2018-02-20,1519147630,3475,2507,133,83
2018-02-21,1519238951,271,175,39,6
2018-02-22,1519319958,3812,2595,230,89
2018-02-23,1519406370,2932,1906,293,67
2018-02-24,1519492784,5017,3377,326,117
2018-02-25,1519579190,3783,2487,319,81
2018-02-26,1519665597,3043,2002,205,67
2018-02-27,1519752012,16682,12410,1538,440
2018-02-28,1519838419,18167,13282,376,429
2018-03-01,1519924830,6364,4326,249,137
2018-03-02,1520014835,17737,12751,455,408
2018-03-03,1520097652,3654,2528,166,82
2018-03-04,1520184054,11302,8329,307,285
2018-03-05,1520272263,2948,1906,188,65
2018-03-06,1520356876,14543,10775,1668,383
2018-03-07,1520445115,15170,11338,2080,407
2018-03-08,1520531503,3675,2459,177,80
2018-03-09,1520616110,8215,5925,262,204
2018-03-10,1520702529,12053,9049,82,302
2018-03-11,1520788925,6464,4670,101,155
2018-03-12,1520875358,6345,4642,39,149
2018-03-13,1520961743,13224,10262,256,376
2018-03-14,1521048152,21348,15775,147,499
2018-03-15,1521134560,11797,8548,170,269
2018-03-16,1521220979,4803,3443,164,114
2018-03-17,1521307383,7480,5001,398,160
2018-03-18,1521393789,7805,5511,269,175
2018-03-19,1521480210,3092,2066,170,67
2018-03-20,1521566611,4592,3176,283,107
2018-03-21,1521662023,451,292,65,13
2018-03-22,1521757435,34,22,7,1
2018-03-23,1521825846,1171,762,105,24
2018-03-24,1521912248,5350,3791,204,125
2018-03-25,1521998657,2332,1516,202,53
2018-03-26,1522085076,2442,1612,121,55
2018-03-27,1522180494,2410,1566,227,54
2018-03-28,1522257886,5882,4182,316,139
2018-03-29,1522344592,2902,1919,212,67
2018-03-30,1522431002,2542,1661,149,52
2018-03-31,1522521015,6775,4580,328,156
2018-04-01,1522603821,2692,1754,333,68
2018-04-02,1522690233,19909,14723,446,487
2018-04-03,1522776640,6245,4086,434,132
2018-04-04,1522866649,3019,2025,264,73
2018-04-05,1522948386,3896,2551,293,88
2018-04-06,1523035865,12281,8990,251,288
2018-04-07,1523122280,31019,21576,622,680
2018-04-08,1523208683,32547,22652,469,707
2018-04-09,1523295093,23500,15989,250,495
2018-04-10,1523381509,12748,8698,154,265
2018-04-11,1523467913,22217,15636,450,493
2018-04-12,1523552524,9083,6098,236,199
2018-04-13,1523638928,26254,18549,398,582
2018-04-14,1523725338,23288,15536,343,465
2018-04-15,1523811749,13955,9436,435,301
2018-04-16,1523898157,19165,13415,331,425
2018-04-17,1523984568,29079,20180,467,625
2018-04-18,1524070977,5382,3535,340,119
2018-04-19,1524157389,8178,5589,443,195
2018-04-20,1524243798,23292,16859,476,542
2018-04-21,1524330208,23681,16541,374,515
2018-04-22,1524473437,3534,2397,266,89
2018-04-23,1524549828,2886,2024,348,79
2018-04-24,1524603858,4720,3594,237,141
2018-04-25,1524690247,775,501,114,23
2018-04-26,1524778453,511,330,77,17
2018-04-27,1524863064,961,621,150,29
2018-04-28,1524949474,482,312,72,16
2018-04-29,1525041301,456,295,56,14
2018-04-30,1525122292,4453,3329,129,115
2018-05-01,1525208704,12219,9490,352,358
2018-05-02,1525295112,9761,7348,353,273
2018-05-03,1525381522,15949,11963,309,399
2018-05-04,1525467936,3347,2369,165,91
2018-05-05,1525554448,25854,19509,436,656
2018-05-06,1525640754,895,579,117,31
2018-05-07,1525727166,873,564,150,26
2018-05-08,1525813573,7851,5903,315,219
2018-05-09,1525901787,4060,3040,170,118
2018-05-10,1525986398,660,427,111,22
2018-05-11,1526072814,2462,1789,177,67
2018-05-12,1526159216,12813,9938,553,375
2018-05-13,1526245632,2348,1659,150,63
2018-05-14,1526332035,1059,685,104,31
2018-05-15,1526418442,8586,6765,162,253
2018-05-16,1526504893,20205,15176,507,548
2018-05-17,1526591268,12935,9889,356,367
2018-05-18,1526679477,866,560,107,25
2018-05-19,1526764087,2405,1704,190,62
2018-05-20,1526850495,437,282,52,13
2018-05-21,1527012516,10996,8144,385,289
2018-05-22,1527068316,30821,23125,782,797
2018-05-23,1527109863,10259,7809,277,276
2018-05-24,1527197931,12198,8651,845,299
2018-05-25,1527284340,11353,8771,369,334
2018-05-26,1527368951,7967,5693,225,194
2018-05-27,1527455359,4646,3503,245,137
2018-05-28,1527541771,11496,8240,550,284
2018-05-29,1527628211,11762,8900,623,313
2018-05-30,1527714622,25523,19419,383,668
2018-05-31,1527801004,16878,12535,574,445
2018-06-01,1527887407,10058,7625,421,281
2018-06-02,1527975822,550,356,61,16
2018-06-03,1528062023,9824,7342,309,259
2018-06-04,1528146632,16021,12165,293,423
2018-06-05,1528233040,23052,17658,586,638
2018-06-06,1528351939,2037,1376,262,52
2018-06-07,1528405795,6853,4882,351,166
2018-06-08,1528492271,8010,5960,305,216
2018-06-09,1528578684,9754,7166,576,253
2018-06-10,1528665088,11912,8951,836,316
2018-06-11,1528751499,6404,4154,543,143
2018-06-12,1528837917,6583,4364,363,147
2018-06-13,1528924318,23325,16699,825,553
2018-06-14,1529010729,6893,4937,443,165
2018-06-15,1529097142,15944,11308,418,377
2018-06-16,1529185344,504,326,104,18
2018-06-17,1529269956,4112,3098,209,117
2018-06-18,1529356374,21672,15739,695,540
2018-06-19,1529442774,7441,5477,522,193
2018-06-20,1529529186,21969,16240,263,538
2018-06-21,1529616881,942,609,79,24
2018-06-22,1529702002,11204,8169,974,288
2018-06-23,1529788413,19549,14417,400,468
2018-06-24,1529874828,14428,10315,440,345
2018-06-25,1529963153,32452,23487,481,742
2018-06-26,1530047640,11609,8222,350,284
2018-06-27,1530134048,7496,5334,298,178
2018-06-28,1530222263,17544,12651,515,431
2018-06-29,1530306864,748,483,83,20
2018-06-30,1530393276,4837,3189,228,101
2018-07-01,1530479684,4332,3248,171,121
2018-07-02,1530566104,19088,13341,856,441
2018-07-03,1530652502,24347,17648,846,612
2018-07-04,1530738912,675,436,120,20
2018-07-05,1530825325,2831,1964,121,70
2018-07-06,1530911733,6193,4454,183,157
2018-07-07,1530998143,13472,10588,326,408
2018-07-08,1531084554,1008,652,70,27
2018-07-09,1531170971,11770,8287,770,282
2018-07-10,1531257376,14775,10911,490,393
2018-07-11,1531343784,1012,654,145,28
2018-07-12,1531430195,1323,855,198,39
2018-07-13,1531516604,15506,11303,661,408
2018-07-14,1531603016,2099,1516,181,57
2018-07-15,1531689428,1110,717,94,28
2018-07-16,1531775838,26510,19851,761,698
2018-07-17,1531862248,809,523,118,25
2018-07-18,1531948660,530,343,114,16
2018-07-19,1532036866,4034,2884,131,104
2018-07-20,1532121472,639,413,80,21
2018-07-21,1532207888,2923,2176,158,83
2018-07-22,1532294294,29767,21943,377,720
2018-07-23,1532380701,14913,10478,602,338
2018-07-24,1532467454,3105,2272,146,81
2018-07-25,1532557462,1037,670,113,28
2018-07-26,1532726495,16949,12268,273,401
2018-07-27,1532726496,8090,5897,372,202
2018-07-28,1532859901,15858,10815,324,335
2018-07-29,1532903115,5417,3696,287,119
2018-07-30,1532985915,14412,10589,237,347
2018-07-31,1533072325,9136,6569,461,224
2018-08-01,1533158739,16284,12140,374,416
2018-08-02,1533245149,7484,5589,362,206
2018-08-03,1533331581,7074,5218,349,181
2018-08-04,1533417968,1888,1297,92,45
2018-08-05,1533504383,7703,5818,135,197
2018-08-06,1533590792,8984,6618,508,238
2018-08-07,1533677201,10729,7884,712,268
2018-08-08,1533853627,8965,6764,390,248
2018-08-09,1533853628,7195,5128,338,176
2018-08-10,1533949037,438,283,88,15
2018-08-11,1534028106,24,16,15,1
2018-08-12,1534197331,11337,8256,462,293
2018-08-13,1534197331,6081,4453,211,155
2018-08-14,1534281940,13673,10250,382,357
2018-08-15,1534368348,8837,6570,366,238
2018-08-16,1534454760,7871,5787,411,203
2018-08-17,1534542969,7678,5552,342,198
2018-08-18,1534704994,10879,7893,534,278
2018-08-19,1534715791,12689,9375,190,303
2018-08-20,1534948787,13143,9648,593,341
2018-08-21,1534948787,12496,9004,700,308
2018-08-22,1534973221,8483,6228,601,215
2018-08-23,1535059632,5864,3818,448,128
2018-08-24,1535146044,8635,6351,534,227
2018-08-25,1535266724,13707,10009,439,330
2018-08-26,1535318931,18422,13482,366,456
2018-08-27,1535412541,7753,5739,406,207
2018-08-28,1535491754,7408,5381,463,186
2018-08-29,1535578162,7766,5681,227,196
2018-08-30,1535709582,852,551,82,24
2018-08-31,1535750983,2517,1864,187,75
2018-09-01,1535837394,655,423,44,18
2018-09-02,1535922006,1745,1211,148,49
2018-09-03,1536008456,19099,15005,275,554
2018-09-04,1536094827,2495,1762,206,68
2018-09-05,1536181241,857,554,110,22
2018-09-06,1536269445,7736,5670,470,199
2018-09-07,1536359460,6140,4581,283,170
2018-09-08,1536440483,509,329,84,14
2018-09-09,1536526879,4168,3154,171,122
2018-09-10,1536613293,9752,7074,678,248
2018-09-11,1536699694,12261,8851,425,306
2018-09-12,1536786107,3755,2775,92,103
2018-09-13,1536872534,13960,10406,421,363
2018-09-14,1536994949,8378,5963,461,200
2018-09-15,1537045342,19272,13706,384,440
2018-09-16,1537131744,4054,2982,187,110
2018-09-17,1537218156,8739,6454,409,232
2018-09-18,1537306366,15103,10962,1287,377
2018-09-19,1537425187,12331,9083,421,324
2018-09-20,1537477390,7075,4956,457,167
2018-09-21,1537563813,13357,10234,326,374
2018-09-22,1537650203,2073,1403,140,54
2018-09-23,1537736617,15394,11561,429,401
2018-09-24,1537826627,10022,7572,614,286
2018-09-25,1537909433,6804,5011,299,174
2018-09-26,1538030049,11046,8012,574,271
2018-09-27,1538085855,15581,11600,366,402
2018-09-28,1538172263,1824,1254,132,46
2018-09-29,1538258675,8859,6800,241,248
2018-09-30,1538345082,9357,6969,228,241
2018-10-01,1538431492,19897,14799,669,512
2018-10-02,1538517901,12881,9560,536,340
2018-10-03,1538604311,5896,4100,226,150
2018-10-04,1538690723,4795,3432,182,120
2018-10-05,1538777132,12115,8832,302,297
2018-10-06,1538863543,3939,2812,143,100
2018-10-07,1538949957,10635,7754,62,248
2018-10-08,1539036366,6920,5280,111,184
2018-10-09,1539122770,14052,10672,206,362
2018-10-10,1539210987,10861,8092,73,266
2018-10-11,1539295593,18771,13743,371,444
2018-10-12,1539382011,16760,12007,222,377
2018-10-13,1539468431,12539,9143,298,302
2018-10-14,1539554825,13883,10330,555,361
2018-10-15,1539641243,4627,3083,255,100
2018-10-16,1539727640,6390,4604,265,151
2018-10-17,1539814046,7008,5124,374,182
2018-10-18,1539900455,3229,2215,197,76
2018-10-19,1539986867,3230,2125,207,70
2018-10-20,1540073277,1582,1030,217,38
2018-10-21,1540159681,7988,5903,177,193
2018-10-22,1540246121,6134,4225,268,138
2018-10-23,1540332500,2419,1564,239,54
2018-10-24,1540418911,11046,7994,381,278
2018-10-25,1540550323,1144,739,79,28
2018-10-26,1540751944,1622,1069,179,41
2018-10-27,1540751944,1197,819,69,29
2018-10-28,1540804166,526,349,22,12
2018-10-29,1540897825,3882,2601,367,90
2018-10-30,1540987769,4517,3057,346,106
2018-10-31,1541063386,2587,1729,250,65
2018-11-01,1541113793,2884,1876,225,63
2018-11-02,1541200203,3244,2237,223,78
2018-11-03,1541286611,219,142,27,7
2018-11-04,1541373019,492,318,61,13
2018-11-05,1541459426,1624,1059,212,38
2018-11-06,1541545840,2592,1713,294,60
2018-11-07,1541756721,10810,8438,183,320
2018-11-08,1541756721,272,176,55,7
2018-11-09,1541805328,0,0,0,0
2018-11-10,1541891737,14,9,9,1
2018-11-11,1541978143,0,0,0,0
2018-11-12,1542064553,6532,4779,201,159
2018-11-13,1542150964,4603,3462,91,125
2018-11-14,1542237371,7273,5412,305,199
2018-11-15,1542323780,4046,3016,164,112
2018-11-16,1542410192,10475,7917,305,285
2018-11-17,1542496603,23843,17379,762,593
2018-11-18,1542583076,24505,17849,185,580
2018-11-19,1542669420,9186,6653,204,229
2018-11-20,1542755836,5143,3745,226,131
2018-11-21,1542842238,8013,5840,153,204
2018-11-22,1542928646,1979,1366,161,46
2018-11-23,1543015058,3689,2503,240,88
2018-11-24,1543101467,14,9,0,1
2018-11-25,1543187880,684,470,25,16
2018-11-26,1543274290,6934,4953,399,167
2018-11-27,1543360695,2719,1903,188,65
2018-11-28,1543479508,2147,1472,267,50
2018-11-29,1543533517,1966,1385,148,48
2018-11-30,1543619925,7936,5522,558,192
2018-12-01,1543833390,10513,7298,1149,246
2018-12-02,1543833390,7559,5183,605,187
2018-12-03,1543879149,4874,3496,164,115
2018-12-04,1543965560,2637,1798,174,61
2018-12-05,1544051967,4818,3575,136,127
2018-12-06,1544138377,6953,5394,36,189
2018-12-07,1544224787,2776,1954,116,70
2018-12-08,1544311196,5822,3983,423,145
2018-12-09,1544397607,7178,4826,456,162
2018-12-10,1544484015,5216,3822,265,136
2018-12-11,1544570718,9581,7282,308,274
2018-12-12,1544656835,7766,5698,465,196
2018-12-13,1544743241,6580,4999,256,188
2018-12-14,1544865655,10123,7173,618,250
2018-12-15,1544916057,1869,1278,72,43
2018-12-16,1545580088,9915,6988,468,242
2018-12-17,1545934397,5955,4287,264,143
2018-12-18,1545934395,4094,3006,160,103
2018-12-19,1545580143,4193,3053,115,108
2018-12-20,1545580085,1749,1228,120,44
2018-12-21,1545580092,5862,3981,316,136
2018-12-22,1545580149,9064,6233,943,220
2018-12-23,1545934398,7124,4811,395,156
2018-12-24,1545934398,2356,1695,58,58
2018-12-25,1545934403,28,18,0,1
2018-12-26,1545934402,12,8,0,1
2018-12-27,1545954755,11047,7691,689,255
2018-12-28,1546039361,7587,5192,483,173
2018-12-29,1546184195,1019,751,7,25
2018-12-30,1546212181,9078,6242,512,207
2018-12-31,1546298592,10551,7277,665,249
2019-01-01,1546385003,10937,7515,620,251
2019-01-02,1546471406,9095,6039,800,205
2019-01-03,1546557816,1805,1295,99,45
2019-01-04,1546644229,29176,20808,1215,681
2019-01-05,1546730637,4684,3431,218,122
2019-01-06,1546817055,21642,15753,356,523
2019-01-07,1546903454,5751,3993,390,146
2019-01-08,1546989865,7934,5639,758,199
2019-01-09,1547076278,11385,8182,494,286
2019-01-10,1547162685,1778,1225,162,47
2019-01-11,1547304896,4766,3359,383,117
2019-01-12,1547335506,6527,4521,414,155
2019-01-13,1547422644,10433,7277,682,253
2019-01-14,1547508330,5956,4182,389,145
2019-01-15,1547594729,5311,3813,358,139
2019-01-16,1547681144,1556,1095,58,36
2019-01-17,1547767549,5918,4090,350,141
2019-01-18,1547855765,3928,2868,171,102
2019-01-19,1547940372,1318,920,23,30
2019-01-20,1548026781,5473,4280,105,157
2019-01-21,1548113189,8603,5989,622,205
2019-01-22,1548281977,4750,3434,245,122
2019-01-23,1548286009,10434,7586,434,272
2019-01-24,1548372419,0,0,0,0
2019-01-25,1548460631,14087,10107,576,350
2019-01-26,1548545236,15202,10776,440,343
2019-01-27,1548631648,17939,12890,216,412
2019-01-28,1548718056,5738,4094,258,141
2019-01-29,1548804466,4860,3423,219,114
2019-01-30,1548890874,2791,1938,84,67
2019-01-31,1548985404,9891,7070,356,250
2019-02-01,1549062808,11570,8306,463,299
2019-02-02,1549149218,12026,8819,865,328
2019-02-03,1549235627,53,34,0,2
2019-02-04,1549322143,11653,8175,419,278
2019-02-05,1549444449,5989,4385,289,150
2019-02-06,1549494849,9444,7311,54,249
2019-02-07,1549581266,3761,2709,243,94
2019-02-08,1549667676,14976,10834,626,373
2019-02-09,1549880098,3231,2484,76,95
2019-02-10,1549880098,0,0,0,0
2019-02-11,1549926898,13890,10347,854,379
2019-02-12,1550013311,1745,1290,26,48
2019-02-13,1550099717,8975,6901,220,233
2019-02-14,1550186126,11950,8738,472,312
2019-02-15,1550272532,13624,10133,659,357
2019-02-16,1550355340,19299,13717,417,444
2019-02-17,1550445349,23412,16717,509,547
2019-02-18,1550535378,10676,7625,465,257
2019-02-19,1550618172,3383,2318,230,83
2019-02-20,1550745989,2737,2078,58,75
2019-02-21,1550790992,1692,1265,22,46
2019-02-22,1550877399,7544,5383,356,188
2019-02-23,1550963809,1219,873,37,30
2019-02-24,1551050222,11553,8701,813,317
2019-02-25,1551138438,12452,9033,1355,323
2019-02-26,1551228443,9380,7335,331,284
2019-02-27,1551309454,2269,1653,126,59
2019-02-28,1551395856,9241,6797,426,252
2019-03-01,1551482266,30526,22261,497,722
2019-03-02,1551568670,25973,19102,749,638
2019-03-03,1551655081,11923,8922,356,311
2019-03-04,1551741497,21917,16428,793,595
2019-03-05,1551827900,3936,2876,166,96
2019-03-06,1551914311,9807,7387,378,266
2019-03-07,1552000719,9447,6852,774,243
2019-03-08,1552088926,9955,6985,708,238
2019-03-09,1552172435,11187,8103,377,282
2019-03-10,1552258838,7292,5092,381,175
2019-03-11,1552345248,9365,6629,418,230
2019-03-12,1552431657,12058,8633,963,308
2019-03-13,1552518080,12122,9212,261,338
2019-03-14,1552604500,8974,6308,641,221
2019-03-15,1552690894,22522,16236,336,515
2019-03-16,1552777305,11359,8094,570,257
2019-03-17,1552863712,10055,7046,573,236
2019-03-18,1552951908,20455,14875,572,486
2019-03-19,1553036534,11491,7936,931,268
2019-03-20,1553115703,8526,6269,248,220
2019-03-21,1553202531,13164,10246,348,387
2019-03-22,1553288561,8293,5948,301,202
2019-03-23,1553375085,11166,8325,172,285
2019-03-24,1553471105,0,0,0,0
2019-03-25,1553591008,6955,5191,156,186
2019-03-26,1553634193,10176,7702,304,286
2019-03-27,1553727804,14546,10597,513,381
2019-03-28,1553814216,9013,6983,250,264
2019-03-29,1553900624,10031,7714,310,295
2019-03-30,1553987034,8980,6496,427,234
2019-03-31,1554069845,6940,4962,344,181
2019-04-01,1554156254,2474,1708,82,56
2019-04-02,1554242664,9711,6932,531,240
2019-04-03,1554329073,6419,4746,443,171
2019-04-04,1554415484,2148,1490,170,52
2019-04-05,1554501896,10353,7370,1117,262
2019-04-06,1554588302,13815,10971,2953,466
2019-04-07,1554674713,3127,2073,200,71
2019-04-08,1554761124,9157,6332,478,214
2019-04-09,1554847529,13611,10029,406,346
2019-04-10,1554935739,9869,6884,510,236
2019-04-11,1555020353,2421,1726,184,59
2019-04-12,1555106757,1280,912,24,33
2019-04-13,1555194973,8453,5868,547,207
2019-04-14,1555279573,6624,5766,3451,281
2019-04-15,1555366200,7286,4933,603,173
2019-04-16,1555452404,7313,5425,218,193
2019-04-17,1555540613,9048,6333,1404,237
2019-04-18,1555625205,18547,13908,517,496
2019-04-19,1555711630,20401,14667,276,467
2019-04-20,1555803465,15028,10555,172,337
2019-04-21,1555884445,30382,22422,256,754
2019-04-22,1555970858,23829,17416,859,582
2019-04-23,1556120903,7037,5105,336,179
2019-04-24,1556143676,7952,6148,131,231
2019-04-25,1556230088,4801,3277,285,117
2019-04-26,1556316492,10577,7525,640,265
2019-04-27,1556402902,1360,879,153,30
2019-04-28,1556489312,6830,4886,619,180
2019-04-29,1556575719,8262,5654,1075,201
2019-04-30,1556662130,6053,4524,409,169
2019-05-01,1556748539,8666,6779,191,238
2019-05-02,1556834954,1718,1110,130,40
2019-05-03,1556921433,8502,6217,473,233
2019-05-04,1557254468,3300,2279,216,80
2019-05-05,1557254468,10093,7011,614,246
2019-05-06,1557254468,11186,7914,546,271
2019-05-07,1557267070,13892,9832,1152,347
2019-05-08,1557391289,4487,3152,337,114
2019-05-09,1557439888,2009,1303,169,47
2019-05-10,1557586147,2506,1758,193,62
2019-05-11,1557612702,8194,6001,935,226
2019-05-12,1557699112,9059,6418,641,229
2019-05-13,1557825126,8123,6716,3064,310
2019-05-14,1557876021,7416,5144,1034,181
2019-05-15,1557958341,7737,5676,419,206
2019-05-16,1558044751,11177,8691,194,310
2019-05-17,1558172801,12242,9365,288,356
2019-05-18,1558217565,7889,5497,551,193
2019-05-19,1558303974,10354,7457,739,262
2019-05-20,1558390393,2540,1664,204,60
2019-05-21,1558476796,9344,6534,692,227
2019-05-22,1558561897,10857,8552,309,336
2019-05-23,1558651967,8186,5592,875,195
2019-05-24,1558770174,6404,4392,177,250
2019-05-25,1558822492,10495,7557,412,272
2019-05-26,1558908925,12853,10287,4405,458
2019-05-27,1558995351,2849,1868,365,70
2019-05-28,1559081780,12215,8861,654,307
2019-05-29,1559168217,4065,2881,248,107
2019-05-30,1559254646,7143,5031,397,171
2019-05-31,1559341075,2701,1841,154,62
2019-06-01,1559467963,9280,6445,754,224
2019-06-02,1559513975,12830,10386,3801,465
2019-06-03,1559670743,8382,6477,238,249
2019-06-04,1559686803,9773,6914,630,240
2019-06-05,1559773234,10074,7235,326,238
2019-06-06,1559859674,2276,1494,166,53
2019-06-07,1560105735,4553,3315,136,110
2019-06-08,1560108170,19479,14124,772,497
2019-06-09,1560118976,14295,10426,450,374
2019-06-10,1560205403,7550,6069,97,231
2019-06-11,1560291835,8012,5612,562,194
2019-06-12,1560378275,17709,13504,2334,523
2019-06-13,1560464703,11018,7738,604,272
2019-06-14,1560550910,7934,5919,229,215
2019-06-15,1560637559,10819,7455,349,242
2019-06-16,1560723991,19384,13933,190,447
2019-06-17,1560865107,4300,3117,128,109
2019-06-18,1560896861,6712,4589,243,153
2019-06-19,1560983296,8164,5396,571,179
2019-06-20,1561069719,10398,7555,379,263
2019-06-21,1561156150,6358,4686,307,162
2019-06-22,1561242575,8166,5931,1260,225
2019-06-23,1561327203,7470,5084,497,165
2019-06-24,1561428033,8302,6322,268,224
2019-06-25,1561500057,8868,6510,292,217
2019-06-26,1561586486,1999,1314,88,44
2019-06-27,1561672917,7229,4905,562,169
2019-06-28,1561926922,7848,5821,455,213
2019-06-29,1561926922,8955,6188,419,201
2019-06-30,1561932154,8210,5803,253,189
2019-07-01,1562018658,4847,3337,252,109
2019-07-02,1562105094,2271,1515,150,52
2019-07-03,1562191530,10025,7411,444,260
2019-07-04,1562277950,10453,7404,726,264
2019-07-05,1562364380,3418,2379,241,85
2019-07-06,1562450814,9694,6970,390,250
2019-07-07,1562537240,9607,6939,377,231
2019-07-08,1562623671,7005,5140,319,180
2019-07-09,1562710099,5377,3946,175,142
2019-07-10,1562796535,4479,3356,93,122
2019-07-11,1562884766,10829,7720,996,275
2019-07-12,1562969391,8698,6599,270,243
2019-07-13,1563055821,10019,6999,383,242
2019-07-14,1563142254,1045,694,25,22
2019-07-15,1563228682,3391,2474,180,87
2019-07-16,1563315111,2731,2032,55,68
2019-07-17,1563401541,4963,3667,138,128
2019-07-18,1563490223,14142,10238,426,357
2019-07-19,1563574402,5739,4094,587,146
2019-07-20,1563705948,8073,5690,337,198
2019-07-21,1563747271,8866,6469,363,232
2019-07-22,1563833706,13392,9804,521,352
2019-07-23,1563919591,15964,11924,338,394
2019-07-24,1564007703,6875,4617,703,155
2019-07-25,1564092307,8287,6277,141,216
2019-07-26,1564179670,15629,11104,1040,372
2019-07-27,1564267865,25209,17715,766,575
2019-07-28,1564352406,9637,6426,516,214
2019-07-29,1564503094,21233,15732,174,510
2019-07-30,1564524667,23896,16804,384,525
2019-07-31,1564611727,21769,15202,477,486
2019-08-01,1564698066,12326,8983,724,324
2019-08-02,1564784109,10161,7207,513,260
2019-08-03,1564871046,11322,7868,781,280
2019-08-04,1564956309,13935,9688,530,322
2019-08-05,1565043254,5846,3899,454,131
2019-08-06,1565129651,8212,5632,504,188
2019-08-07,1565216047,9077,6273,395,218
2019-08-08,1565302447,7702,5269,308,174
2019-08-09,1565388848,20895,14599,450,480
2019-08-10,1565474466,7794,5230,595,172
2019-08-11,1565562873,9756,6544,630,216
2019-08-12,1565647448,8114,5498,533,194
2019-08-13,1565733846,4107,3016,74,104
2019-08-14,1565820251,11765,8265,709,287
2019-08-15,1565906652,8472,5761,484,192
2019-08-16,1565994368,6528,4830,246,182
2019-08-17,1566080776,7766,5262,478,180
2019-08-18,1566165726,7860,5308,617,182
2019-08-19,1566414510,10462,7502,373,259
2019-08-20,1566414510,16773,11737,166,377
2019-08-21,1566421691,6531,4377,158,138
2019-08-22,1566508988,4018,2749,128,86
2019-08-23,1566595572,16446,11686,239,384
2019-08-24,1566681969,10440,7244,144,227
2019-08-25,1566768549,12626,9036,153,293
2019-08-26,1566854054,7919,5520,630,189
2019-08-27,1567007230,22259,15739,665,510
2019-08-28,1567055828,30448,22104,964,728
2019-08-29,1567143547,10783,7216,183,227
2019-08-30,1567263246,20871,14776,515,477
2019-08-31,1567285836,10005,7143,131,232
2019-09-01,1567376113,8498,5924,764,203
2019-09-02,1567466171,8061,5409,568,179
2019-09-03,1567548318,12019,8357,750,278
2019-09-04,1567635493,4771,3372,256,112
2019-09-05,1567722386,10819,7518,815,260
2019-09-06,1567808406,2825,1910,164,67
2019-09-07,1567929733,10103,7099,1028,256
2019-09-08,1567980130,9402,6589,686,238
2019-09-09,1568067658,10081,7304,468,256
2019-09-10,1568184485,3550,2382,156,82
2019-09-11,1568283134,7171,4855,515,171
2019-09-12,1568326993,1066,798,31,29
2019-09-13,1568487848,1635,1057,84,34
2019-09-14,1568533086,0,0,0,0
2019-09-15,1568618874,17573,12094,832,398
2019-09-16,1568672948,12705,8810,647,299
2019-09-17,1568804946,2940,2190,65,81
2019-09-18,1568844608,3185,2211,120,79
2019-09-19,1568971375,6914,4969,426,179
2019-09-20,1569016987,9528,6540,717,220
2019-09-21,1569141371,10076,6965,736,237
2019-09-22,1569224347,11509,8442,332,288
2019-09-23,1569311173,6987,4698,660,165
2019-09-24,1569365528,6959,4751,518,169
2019-09-25,1569483374,6040,4072,425,144
2019-09-26,1569535681,12974,9206,696,322
2019-09-27,1569657891,2464,1744,238,66
2019-09-28,1569708055,10887,7497,721,258
2019-09-29,1569796174,7710,5319,609,186
2019-09-30,1569917758,4187,3137,121,115
2019-10-01,1569967434,7103,5134,618,188
2019-10-02,1570095671,7573,5187,511,181
2019-10-03,1570143333,7209,4816,576,157
2019-10-04,1570232530,4196,3004,392,120
2019-10-05,1570313450,9386,6471,504,217
2019-10-06,1570399918,6356,4759,313,167
2019-10-07,1570543180,7139,5182,305,181
2019-10-08,1570573827,8763,6269,186,220
2019-10-09,1570664601,10314,7154,823,249
2019-10-10,1570786152,8784,6590,367,242
2019-10-11,1570868444,7494,5318,418,181
2019-10-12,1570961960,7628,5183,623,179
2019-10-13,1571005220,7076,4908,456,170
2019-10-14,1571091982,13518,9730,724,348
2019-10-15,1571263068,4318,2923,303,102
2019-10-16,1571264849,13996,10019,551,354
2019-10-17,1571389444,3799,2570,304,91
2019-10-18,1571437492,6401,4357,245,152
2019-10-19,1571523780,2842,1918,274,70
2019-10-20,1571612724,9281,6320,601,218
2019-10-21,1571740436,10315,6958,730,238
2019-10-22,1571782150,10128,7026,578,240
2019-10-23,1571868749,5551,3902,277,137
2019-10-24,1572013257,10485,7737,395,273
2019-10-25,1572040835,7046,5220,144,176
2019-10-26,1572128631,9909,7053,981,261
2019-10-27,1572220474,14098,9886,573,342
2019-10-28,1572350302,10299,7913,1052,308
2019-10-29,1572391525,10266,7003,447,238
2019-10-30,1572477275,11638,8412,436,288
2019-10-31,1572573997,2269,1532,147,56
2019-11-01,1572650326,5526,3966,283,136
2019-11-02,1572737592,11300,7683,913,256
2019-11-03,1572822579,12929,9088,555,315
2019-11-04,1572935695,6407,4853,310,181
2019-11-05,1573039585,6769,4791,281,164
2019-11-06,1573081669,2687,1899,140,69
2019-11-07,1573176771,863,558,140,26
2019-11-08,1573255340,13100,9178,778,325
2019-11-09,1573342208,9088,6238,527,212
2019-11-10,1573428610,11640,8111,559,279
2019-11-11,1573561401,6584,4746,351,171
2019-11-12,1573599778,4105,2956,196,111
2019-11-13,1573688102,16251,11547,633,403
2019-11-14,1573772662,11271,7841,594,269
2019-11-15,1573859051,2320,1672,232,63
2019-11-16,1573945520,4570,3121,404,112
2019-11-17,1574032956,10391,7151,628,236
2019-11-18,1574129470,7676,5558,253,202
2019-11-19,1574249672,5748,4180,486,162
2019-11-20,1574301728,2605,1849,163,69
2019-11-21,1574377867,11112,7763,972,281
2019-11-22,1574505305,3691,2761,957,116
2019-11-23,1574671975,8670,6028,588,211
2019-11-24,1574671975,12548,8388,992,279
2019-11-25,1574724546,7884,5527,380,188
2019-11-26,1574809807,5718,3962,449,140
2019-11-27,1574895967,6570,4869,262,179
2019-11-28,1574983146,7477,5109,464,168
2019-11-29,1575069186,3561,2471,181,91
2019-11-30,1575165487,9637,6750,661,231
2019-12-01,1575241686,689,445,98,19
2019-12-02,1575328146,8782,5945,684,197
2019-12-03,1575415386,11100,7960,541,279
2019-12-04,1575977229,10366,7058,878,244
2019-12-05,1575977231,7072,5009,284,170
2019-12-06,1575977230,2303,1649,64,59
2019-12-07,1575977228,1353,906,135,38
2019-12-08,1575977228,9743,7545,110,263
2019-12-09,1575977229,12201,8439,502,283
2019-12-10,1576020966,9283,6382,467,214
2019-12-11,1576107060,13363,9147,964,310
2019-12-12,1576192326,3063,2108,223,71
2019-12-13,1576278012,10501,7785,544,274
2019-12-14,1576365727,16798,11981,452,393
2019-12-15,1576452127,20192,14535,411,482
2019-12-16,1576538408,22258,15920,822,524
2019-12-17,1576623669,4242,3060,218,110
2019-12-18,1576711507,10193,7430,392,264
2019-12-19,1576977995,8593,5756,953,199
2019-12-20,1576977996,4733,3194,309,107
2019-12-21,1576977996,9650,6625,858,224
2019-12-22,1577379433,8215,5535,463,184
2019-12-23,1577379434,3685,2595,290,93
2019-12-24,1577379434,1132,750,103,29
2019-12-25,1577379433,1540,1008,131,35
2019-12-26,1577395009,8259,5957,309,213
2019-12-27,1577481667,7755,5440,642,184
2019-12-28,1577568067,24003,16822,333,530
2019-12-29,1577653384,25246,17441,590,550
2019-12-30,1577740027,15295,11102,408,369
2019-12-31,1577834427,2093,1362,195,49
2020-01-01,1577913254,9927,6794,519,236
2020-01-02,1577999647,25094,18562,1417,649
2020-01-03,1578169628,15225,10853,623,372
2020-01-04,1578173231,18389,13449,590,452
2020-01-05,1578603457,17264,11999,1019,396
2020-01-06,1578603457,8408,5810,484,198
2020-01-07,1578603458,8419,5753,328,181
2020-01-08,1578603458,5013,3486,390,123
2020-01-09,1578612368,2870,1908,174,66
2020-01-10,1578698766,10160,7749,181,259
2020-01-11,1578785287,11940,8964,321,294
2020-01-12,1578871566,9756,6700,619,220
2020-01-13,1578957187,11308,7879,1071,278
2020-01-14,1579043287,4952,3567,222,130
2020-01-15,1579129688,1881,1367,37,48
2020-01-16,1579215904,4626,3233,686,113
2020-01-17,1579302301,3456,2421,204,86
2020-01-18,1579388709,691,448,48,17
2020-01-19,1579476063,8308,5662,977,193
2020-01-20,1579562487,9974,6755,759,225
2020-01-21,1579648863,4815,3478,1337,144
2020-01-22,1579799313,8249,6285,194,232
2020-01-23,1579822143,5052,3458,310,115
2020-01-24,1579906802,1441,931,112,34
2020-01-25,1579993203,11246,8590,202,292
2020-01-26,1580083477,9607,6576,678,227
2020-01-27,1580166010,6581,4583,824,155
2020-01-28,1580253421,2480,1647,260,58
2020-01-29,1580340253,8430,5836,421,200
2020-01-30,1580673003,12381,8549,683,284
2020-01-31,1580673003,8678,6347,176,224
2020-02-01,1580673004,1473,1017,147,36
2020-02-02,1580684703,8936,6053,868,204
2020-02-03,1581027739,10061,7040,723,247
2020-02-04,1581027739,6361,4557,372,161
2020-02-05,1581027740,6456,4767,340,177
2020-02-06,1581030002,4681,3333,178,118
2020-02-07,1581116401,7922,5991,105,200
2020-02-08,1581202801,6470,4328,501,139
2020-02-09,1581289742,9012,6167,538,207
2020-02-10,1581376154,8896,6482,353,231
2020-02-11,1581462966,2149,1547,129,55
2020-02-12,1581610561,10525,7445,656,256
2020-02-13,1581635761,10985,9161,4770,438
2020-02-14,1581722167,11345,8062,565,281
2020-02-15,1581809405,2580,1731,271,60
2020-02-16,1581895146,9038,6060,561,198
2020-02-17,1581981303,7874,6310,3208,295
2020-02-18,1582067704,3347,2400,98,83
2020-02-19,1582154343,2340,1668,100,59
2020-02-20,1582240443,5085,3623,269,128
2020-02-21,1582326121,7991,5731,1267,209
2020-02-22,1582460895,10862,7553,504,259
2020-02-23,1582648987,7667,5061,577,175
2020-02-24,1582648988,8624,5939,487,207
2020-02-25,1582795917,10422,7135,607,233
2020-02-26,1582795917,10574,7551,418,255
2020-02-27,1582837862,3678,2575,256,97
2020-02-28,1582924743,290,187,49,8
2020-02-29,1583010243,9879,7038,475,239
2020-03-01,1583097620,16030,11733,142,387
2020-03-02,1583191503,8018,5793,538,204
2020-03-03,1583277365,6619,4662,285,164
2020-03-04,1583363464,7094,5011,151,178
2020-03-05,1583450762,8793,6461,281,230
2020-03-06,1583537164,8251,5854,354,199
2020-03-07,1583622723,10404,7984,222,267
2020-03-08,1583829316,445,288,69,12
2020-03-09,1583829316,6714,4706,223,162
2020-03-10,1583881444,9894,6860,594,242
2020-03-11,1583969940,13369,9962,495,351
2020-03-12,1584054485,10908,7499,628,249
2020-03-13,1584185364,9717,6687,735,229
2020-03-14,1584227841,5487,3663,650,118
2020-03-15,1584494097,8465,5566,825,190
2020-03-16,1584494097,7812,5328,393,182
2020-03-17,1584494097,3513,2492,195,85
2020-03-18,1584572882,6326,4474,309,156
2020-03-19,1584659583,9415,6506,769,218
2020-03-20,1584746605,8694,6166,260,203
2020-03-21,1584832683,7636,5991,2660,269
2020-03-22,1584919088,8741,5898,485,198
2020-03-23,1585037583,3996,2753,250,98
2020-03-24,1585092182,6798,4537,498,153
2020-03-25,1585180201,10691,7613,753,261
2020-03-26,1585264201,7427,5108,857,181
2020-03-27,1585352241,2519,1693,154,56
2020-03-28,1585437424,998,645,68,25
2020-03-29,1585520809,6838,4502,405,144
2020-03-30,1586093113,10034,6862,875,232
2020-03-31,1586093113,9920,6858,531,225
2020-04-01,1586093110,2927,1981,320,75
2020-04-02,1586093111,2734,1878,176,69
2020-04-03,1586093111,2306,1555,69,55
2020-04-04,1586093112,9290,6210,718,203
2020-04-05,1586304065,7911,5324,564,177
2020-04-06,1586304065,7535,5043,575,163
2020-04-07,1586304065,2299,1533,137,49
2020-04-08,1586383201,13651,10641,3774,455
2020-04-09,1586471374,9995,7652,175,267
2020-04-10,1586556607,10085,7819,138,266
2020-04-11,1586644064,1576,1043,142,36
2020-04-12,1586729822,9451,7328,154,248
2020-04-13,1586815742,5696,4955,3810,269
2020-04-14,1586902203,4081,2664,310,100
2020-04-15,1586988866,1656,1070,170,39
2020-04-16,1587076143,2812,1878,201,70
2020-04-17,1587161187,7960,6728,4229,348
2020-04-18,1587248822,3040,2089,385,81
2020-04-19,1587335162,4385,2925,395,96
2020-04-20,1587420082,8760,6021,1026,208
2020-04-21,1587507183,10300,7744,356,269
2020-04-22,1587593582,4908,3588,96,135
2020-04-23,1587679322,5218,3459,309,122
2020-04-24,1587766984,8387,5647,626,192
2020-04-25,1587853743,3462,2368,331,84
2020-04-26,1587939663,10243,6956,504,233
2020-04-27,1588024880,9921,6809,735,235
2020-04-28,1588112043,8042,5584,374,188
2020-04-29,1588199077,3208,2201,292,70
2020-04-30,1588285442,1237,800,146,33
2020-05-01,1588370958,2263,1491,136,53
2020-05-02,1588457822,8791,5989,711,205
2020-05-03,1588544163,9149,6287,733,218
2020-05-04,1588632781,7248,4939,802,171
2020-05-05,1588717383,5036,3519,492,125
2020-05-06,1588802523,7735,5365,499,185
2020-05-07,1588889941,2534,1771,169,68
2020-05-08,1588977458,7144,4829,620,174
2020-05-09,1589068136,7053,4750,368,161
2020-05-10,1589148602,8820,6067,565,209
2020-05-11,1589235003,3582,2616,162,95
2020-05-12,1589321162,9219,7068,176,245
2020-05-13,1589408174,7805,5219,726,171
2020-05-14,1589494562,2871,1917,526,67
2020-05-15,1589581382,10195,7012,1192,241
2020-05-16,1589667787,1763,1140,159,43
2020-05-17,1589752801,6429,4305,569,148
2020-05-18,1589839381,3929,2690,505,92
2020-05-19,1589925841,8874,6171,458,205
2020-05-20,1590013567,3358,2295,167,74
2020-05-21,1590099785,4609,3045,353,105
2020-05-22,1590184863,7722,6083,2309,264
2020-05-23,1590272910,7234,4887,350,162
2020-05-24,1590357901,7930,5305,682,172
2020-05-25,1590445202,9923,6825,826,227
2020-05-26,1590530531,7442,6184,3053,284
2020-05-27,1590617584,2306,1555,305,62
2020-05-28,1590704703,3346,2181,372,78
2020-05-29,1590790803,9217,7328,2578,306
2020-05-30,1590876122,9130,6216,590,212
2020-05-31,1590962824,7088,4689,554,160
2020-06-01,1591050008,11182,7499,780,244
2020-06-02,1591136707,4198,2756,345,95
2020-06-03,1591222742,5498,3929,355,132
2020-06-04,1591308002,3489,2304,166,77
2020-06-05,1591395001,9785,7379,170,247
2020-06-06,1591431723,63,41,0,2
2020-06-07,1591482480,0,0,0,0
2020-06-08,0,0,0,0,0
2020-06-09,1591711084,153,99,9,4
2020-06-10,0,0,0,0,0
2020-06-11,0,0,0,0,0
2020-06-12,0,0,0,0,0
2020-06-13,1592088768,7790,5163,575,164
2020-06-14,1592172787,6156,4166,453,142
2020-06-15,1592259181,8833,6843,2218,279
2020-06-16,1592345342,3019,2227,138,82
2020-06-17,1592431322,11576,8656,2211,346
2020-06-18,1592517783,4097,2688,221,90
2020-06-19,1592605203,7103,4862,301,161
2020-06-20,1592691842,8835,6013,624,198
2020-06-21,1592777103,7465,4988,542,164
2020-06-22,1592863622,9415,6390,556,213
2020-06-23,1592950802,2623,1728,231,58
2020-06-24,1593036901,145,94,24,4
2020-06-25,1593123902,10093,7422,257,255
2020-06-26,1593209163,2672,1746,165,60
2020-06-27,1593295622,15661,11659,2724,450
2020-06-28,1593381663,6730,4465,473,152
2020-06-29,1593468667,10088,6984,595,232
2020-06-30,1593555783,7257,5839,2136,256
2020-07-01,1593641524,3382,2374,238,87
2020-07-02,1593727924,6161,5257,3075,264
2020-07-03,1593814683,8266,5752,415,193
2020-07-04,1593900782,6441,4246,763,147
2020-07-05,1593986585,5967,4055,393,141
2020-07-06,1594073342,2163,1425,167,49
2020-07-07,1594160523,2297,1520,192,51
2020-07-08,1594245663,1154,746,108,25
2020-07-09,1594332605,9316,7078,249,241
2020-07-10,1594419002,1349,926,62,34
2020-07-11,1594505402,5282,4532,2849,236
2020-07-12,1594593602,1130,738,160,30
2020-07-13,1594678743,8962,6164,788,213
2020-07-14,1594765622,6041,4535,597,163
2020-07-15,1594852143,542,350,32,13
2020-07-16,1594938603,2873,1911,140,66
2020-07-17,1595024041,1085,701,119,27
2020-07-18,1595110141,6976,4735,523,153
2020-07-19,1595196541,7955,5339,586,179
2020-07-20,1595284142,12171,8591,682,280
2020-07-21,1595372340,1954,1296,93,44
2020-07-22,1595455681,3135,2053,166,73
2020-07-23,1595542133,2492,1666,247,61
2020-07-24,1595628663,6233,4456,379,152
2020-07-25,1595716624,6958,4669,676,158
2020-07-26,1595801406,9690,6628,1114,224
2020-07-27,1595887443,3675,2512,233,86
2020-07-28,1595974441,1595,1046,149,38
2020-07-29,1596060363,6531,4491,1054,149
2020-07-30,1596147662,10981,7477,218,257
2020-07-31,1596237242,8228,5531,421,174
2020-08-01,1596320582,7254,4941,680,165
2020-08-02,1596407352,8865,5991,764,192
2020-08-03,1596493741,8648,5898,579,201
2020-08-04,1596579961,3136,2256,406,75
2020-08-05,1596761821,1762,1222,98,44
2020-08-06,1596761822,2213,1528,134,54
2020-08-07,1596891531,6532,4544,595,152
2020-08-08,1596924360,3172,2091,189,71
2020-08-09,1597012143,7408,5078,452,158
2020-08-10,1597097941,8456,5724,517,182
2020-08-11,1597187297,7792,5664,220,191
2020-08-12,1597270081,7789,5532,443,189
2020-08-13,1597356483,1968,1380,96,45
